Anno,Popolarit√†,Numero di brani
1900,19,1
1922,0,289
1922,1,2
1922,4,2
1922,6,1
1923,0,554
1923,1,1
1923,2,1
1923,4,12
1923,5,23
1923,6,13
1923,7,9
1923,8,8
1923,9,2
1923,10,6
1923,11,5
1923,14,3
1923,15,1
1923,16,1
1923,17,1
1923,18,1
1923,20,1
1923,22,2
1923,23,4
1923,25,2
1923,26,1
1923,27,2
1923,28,1
1923,30,1
1923,38,1
1923,41,1
1924,0,563
1924,1,9
1924,2,15
1924,3,10
1924,4,8
1924,5,4
1924,6,6
1924,7,1
1924,8,4
1924,9,3
1924,11,1
1924,13,1
1924,14,2
1924,15,1
1924,17,1
1924,18,1
1924,19,1
1924,21,1
1924,23,1
1925,0,626
1925,1,73
1925,2,45
1925,3,44
1925,4,32
1925,5,23
1925,6,16
1925,7,8
1925,8,6
1925,9,3
1925,10,5
1925,11,2
1925,12,2
1925,13,2
1925,15,1
1925,16,1
1925,17,2
1925,19,2
1925,20,1
1925,21,1
1925,24,1
1925,26,1
1925,30,2
1925,32,2
1925,33,1
1925,39,1
1926,0,657
1926,1,435
1926,2,86
1926,3,46
1926,4,16
1926,5,25
1926,6,18
1926,7,21
1926,8,18
1926,9,25
1926,10,12
1926,11,13
1926,12,7
1926,13,5
1926,14,6
1926,15,2
1926,16,5
1926,17,5
1926,19,3
1926,20,1
1926,21,2
1926,22,1
1926,23,2
1926,24,1
1926,25,1
1926,26,1
1926,27,2
1926,28,1
1926,30,1
1926,33,1
1926,48,1
1926,51,1
1927,0,1077
1927,1,44
1927,2,20
1927,3,10
1927,4,5
1927,5,2
1927,7,2
1927,8,1
1927,9,3
1927,10,5
1927,11,4
1927,12,5
1927,13,6
1927,14,1
1927,15,1
1927,17,2
1927,18,2
1927,19,2
1927,21,1
1927,22,1
1927,24,1
1927,26,1
1927,28,1
1927,29,1
1927,34,1
1927,40,1
1928,0,1095
1928,1,83
1928,2,24
1928,3,27
1928,4,20
1928,5,10
1928,6,9
1928,7,8
1928,8,9
1928,9,12
1928,10,10
1928,11,11
1928,12,2
1928,13,8
1928,14,4
1928,15,6
1928,16,5
1928,17,3
1928,18,4
1928,19,5
1928,20,3
1928,21,1
1928,22,3
1928,23,3
1928,24,1
1928,28,2
1928,30,2
1928,31,1
1928,35,1
1928,37,1
1928,43,1
1928,47,1
1928,51,1
1929,0,1053
1929,1,31
1929,2,11
1929,3,4
1929,4,3
1929,5,4
1929,6,2
1929,8,2
1929,9,4
1929,10,2
1929,11,3
1929,12,1
1929,14,1
1929,15,1
1929,16,1
1929,17,1
1929,43,1
1929,55,1
1930,0,1146
1930,1,146
1930,2,99
1930,3,56
1930,4,36
1930,5,29
1930,6,14
1930,7,7
1930,8,16
1930,9,12
1930,10,4
1930,11,8
1930,12,2
1930,13,3
1930,14,4
1930,15,6
1930,16,2
1930,17,1
1930,18,2
1930,19,1
1930,22,2
1930,24,1
1930,26,1
1930,27,1
1930,28,1
1930,29,1
1930,30,1
1930,31,1
1930,37,1
1930,38,1
1930,48,1
1931,0,862
1931,1,49
1931,2,24
1931,3,10
1931,4,8
1931,5,11
1931,6,9
1931,7,2
1931,8,14
1931,9,4
1931,10,1
1931,11,2
1931,12,2
1931,16,1
1931,17,3
1931,18,1
1931,20,2
1931,22,1
1931,23,2
1931,24,1
1931,26,1
1931,27,1
1931,28,1
1931,32,1
1931,33,1
1931,36,1
1931,50,1
1932,0,819
1932,1,123
1932,2,22
1932,3,25
1932,4,24
1932,5,19
1932,6,8
1932,7,12
1932,8,12
1932,9,3
1932,10,4
1932,11,3
1932,12,3
1932,14,1
1932,15,1
1932,16,1
1932,17,2
1932,18,2
1932,19,2
1932,20,2
1932,21,1
1932,22,1
1932,26,1
1932,31,1
1932,32,1
1932,36,1
1932,42,1
1933,0,756
1933,1,25
1933,2,25
1933,3,9
1933,4,8
1933,5,3
1933,6,4
1933,7,3
1933,8,19
1933,9,28
1933,10,30
1933,11,32
1933,12,17
1933,13,21
1933,14,12
1933,15,20
1933,16,19
1933,17,16
1933,18,4
1933,19,10
1933,20,7
1933,21,6
1933,22,4
1933,23,4
1933,24,5
1933,26,7
1933,27,2
1933,28,1
1933,29,6
1933,30,2
1933,31,1
1933,32,1
1933,33,4
1933,34,2
1933,35,1
1933,36,3
1933,40,1
1933,42,1
1933,45,1
1933,47,1
1933,51,2
1933,53,2
1933,65,1
1934,0,754
1934,1,62
1934,2,51
1934,3,34
1934,4,20
1934,5,7
1934,6,4
1934,7,5
1934,8,1
1934,9,2
1934,12,2
1934,13,2
1934,14,1
1934,17,4
1934,18,1
1934,19,1
1934,28,1
1934,29,1
1934,31,1
1934,36,1
1935,0,1054
1935,1,111
1935,2,37
1935,3,25
1935,4,12
1935,5,22
1935,6,16
1935,7,9
1935,8,10
1935,9,14
1935,10,11
1935,11,11
1935,12,10
1935,13,8
1935,14,8
1935,15,6
1935,16,3
1935,17,8
1935,18,4
1935,19,5
1935,20,2
1935,21,1
1935,23,3
1935,24,1
1935,25,3
1935,27,1
1935,28,3
1935,29,1
1935,32,1
1935,34,1
1935,35,1
1935,36,1
1935,40,1
1935,41,1
1935,42,1
1935,51,1
1936,0,1014
1936,1,70
1936,2,78
1936,3,61
1936,4,47
1936,5,36
1936,6,26
1936,7,19
1936,8,12
1936,9,13
1936,10,13
1936,11,12
1936,12,17
1936,13,14
1936,14,27
1936,15,29
1936,16,6
1936,17,24
1936,18,20
1936,19,26
1936,20,13
1936,21,12
1936,22,15
1936,23,8
1936,24,6
1936,25,8
1936,26,2
1936,27,1
1936,29,1
1936,30,1
1936,32,2
1936,34,2
1936,35,1
1936,36,2
1936,37,1
1936,39,1
1936,45,1
1936,46,1
1936,49,1
1937,0,983
1937,1,57
1937,2,26
1937,3,29
1937,4,44
1937,5,25
1937,6,16
1937,7,19
1937,8,8
1937,9,2
1937,10,3
1937,11,9
1937,12,3
1937,13,4
1937,14,2
1937,15,2
1937,16,3
1937,17,7
1937,18,5
1937,19,1
1937,20,5
1937,21,3
1937,22,5
1937,23,2
1937,24,1
1937,25,2
1937,27,1
1937,28,2
1937,29,3
1937,30,2
1937,31,2
1937,33,2
1937,34,1
1937,35,1
1937,37,1
1937,40,1
1937,42,1
1937,43,1
1937,44,2
1937,47,1
1937,55,1
1938,0,994
1938,1,55
1938,2,31
1938,3,19
1938,4,22
1938,5,9
1938,6,10
1938,7,16
1938,8,14
1938,9,13
1938,10,9
1938,11,9
1938,12,8
1938,13,4
1938,14,2
1938,16,2
1938,17,5
1938,18,1
1938,19,1
1938,20,1
1938,24,2
1938,26,1
1938,32,1
1938,35,1
1938,36,1
1938,38,1
1938,41,1
1939,0,1162
1939,1,108
1939,2,43
1939,3,57
1939,4,40
1939,5,22
1939,6,9
1939,7,6
1939,8,6
1939,9,4
1939,10,9
1939,11,10
1939,12,8
1939,13,14
1939,14,18
1939,15,18
1939,16,16
1939,17,14
1939,18,15
1939,19,7
1939,20,3
1939,21,8
1939,22,11
1939,23,6
1939,24,5
1939,25,8
1939,26,6
1939,27,4
1939,28,1
1939,29,2
1939,30,2
1939,31,2
1939,32,1
1939,33,3
1939,34,2
1939,35,2
1939,36,1
1939,37,3
1939,38,2
1939,39,1
1939,40,1
1939,43,1
1939,45,1
1939,52,2
1939,53,2
1939,54,1
1939,62,1
1940,0,1320
1940,1,141
1940,2,100
1940,3,78
1940,4,55
1940,5,25
1940,6,24
1940,7,14
1940,8,11
1940,9,9
1940,10,13
1940,11,10
1940,12,3
1940,13,9
1940,14,7
1940,15,6
1940,16,1
1940,17,3
1940,18,2
1940,19,5
1940,20,1
1940,21,3
1940,22,1
1940,23,1
1940,24,1
1940,26,1
1940,27,1
1940,28,1
1940,29,1
1940,33,1
1941,0,1333
1941,1,120
1941,2,29
1941,3,15
1941,4,9
1941,5,4
1941,6,8
1941,7,8
1941,8,4
1941,9,11
1941,10,9
1941,11,9
1941,12,8
1941,13,7
1941,14,4
1941,15,1
1941,16,1
1941,17,2
1941,18,3
1941,20,1
1941,21,4
1941,24,1
1941,27,1
1941,31,1
1941,32,1
1941,35,1
1941,41,1
1942,0,1344
1942,1,131
1942,2,64
1942,3,47
1942,4,24
1942,5,9
1942,6,9
1942,7,11
1942,8,21
1942,9,12
1942,10,10
1942,11,10
1942,12,8
1942,13,8
1942,14,3
1942,15,2
1942,16,3
1942,17,3
1942,18,5
1942,19,4
1942,20,1
1942,22,2
1942,27,3
1942,28,1
1942,33,1
1942,36,1
1942,37,1
1942,41,1
1942,42,1
1942,44,1
1942,56,2
1943,0,1010
1943,1,67
1943,2,28
1943,3,15
1943,4,8
1943,5,9
1943,6,3
1943,7,8
1943,8,7
1943,9,2
1943,10,12
1943,11,9
1943,12,4
1943,13,3
1943,14,1
1943,16,5
1943,18,2
1943,20,3
1943,21,2
1943,22,1
1943,24,1
1943,27,1
1943,37,1
1943,54,1
1944,0,1114
1944,1,66
1944,2,33
1944,3,18
1944,4,15
1944,5,9
1944,6,5
1944,7,3
1944,8,6
1944,9,7
1944,10,5
1944,11,11
1944,12,21
1944,13,11
1944,14,10
1944,15,8
1944,16,5
1944,17,10
1944,18,6
1944,19,4
1944,20,3
1944,21,3
1944,22,2
1944,23,1
1944,24,3
1944,26,1
1944,27,2
1944,28,2
1944,29,1
1944,30,1
1944,31,1
1944,33,1
1944,38,1
1944,39,1
1944,50,1
1944,53,1
1944,54,1
1944,55,1
1945,0,1162
1945,1,160
1945,2,105
1945,3,38
1945,4,14
1945,5,19
1945,6,34
1945,7,21
1945,8,37
1945,9,14
1945,10,9
1945,11,8
1945,12,4
1945,13,11
1945,14,12
1945,15,9
1945,16,7
1945,17,7
1945,18,5
1945,19,6
1945,20,4
1945,21,3
1945,22,4
1945,23,5
1945,24,9
1945,25,4
1945,26,1
1945,27,2
1945,28,5
1945,30,1
1945,31,3
1945,32,1
1945,35,3
1945,37,2
1945,39,2
1945,41,1
1945,43,1
1945,44,1
1945,45,1
1945,50,1
1945,61,1
1946,0,1581
1946,1,134
1946,2,81
1946,3,69
1946,4,64
1946,5,43
1946,6,16
1946,7,16
1946,8,29
1946,9,14
1946,10,12
1946,11,15
1946,12,13
1946,13,10
1946,14,7
1946,15,4
1946,16,4
1946,17,4
1946,18,4
1946,19,4
1946,20,2
1946,21,5
1946,22,2
1946,23,1
1946,24,4
1946,26,1
1946,27,1
1946,29,2
1946,30,1
1946,31,1
1946,32,2
1946,36,1
1946,38,1
1946,40,1
1947,0,1469
1947,1,173
1947,2,81
1947,3,59
1947,4,35
1947,5,19
1947,6,10
1947,7,38
1947,8,11
1947,9,10
1947,10,11
1947,11,7
1947,12,8
1947,13,7
1947,14,7
1947,15,5
1947,16,7
1947,17,2
1947,18,4
1947,19,2
1947,20,2
1947,21,2
1947,22,3
1947,23,2
1947,24,2
1947,27,1
1947,28,1
1947,30,1
1947,31,1
1947,38,2
1947,39,2
1947,41,1
1947,42,1
1947,49,2
1947,51,1
1948,0,1672
1948,1,160
1948,2,79
1948,3,41
1948,4,25
1948,5,27
1948,6,20
1948,7,8
1948,8,10
1948,9,7
1948,10,6
1948,11,3
1948,12,11
1948,13,10
1948,14,7
1948,15,2
1948,16,4
1948,17,5
1948,18,4
1948,19,5
1948,20,9
1948,21,9
1948,22,5
1948,23,3
1948,24,6
1948,25,7
1948,26,3
1948,27,5
1948,28,4
1948,29,4
1948,30,1
1948,31,4
1948,32,2
1948,33,1
1948,34,1
1948,37,1
1948,38,2
1948,39,1
1948,44,1
1948,50,1
1948,52,1
1948,57,2
1948,62,1
1949,0,1113
1949,1,229
1949,2,120
1949,3,65
1949,4,72
1949,5,48
1949,6,40
1949,7,59
1949,8,62
1949,9,55
1949,10,44
1949,11,43
1949,12,29
1949,13,28
1949,14,29
1949,15,14
1949,16,22
1949,17,15
1949,18,12
1949,19,18
1949,20,15
1949,21,13
1949,22,5
1949,23,10
1949,24,6
1949,25,4
1949,26,2
1949,27,2
1949,28,4
1949,29,3
1949,31,2
1949,32,3
1949,33,3
1949,34,2
1949,38,3
1949,40,2
1949,43,1
1949,44,2
1949,48,1
1949,53,1
1949,54,1
1949,69,1
1950,0,1291
1950,1,389
1950,2,522
1950,3,178
1950,4,105
1950,5,80
1950,6,63
1950,7,46
1950,8,51
1950,9,46
1950,10,22
1950,11,36
1950,12,29
1950,13,22
1950,14,11
1950,15,14
1950,16,19
1950,17,3
1950,18,5
1950,19,12
1950,20,4
1950,21,5
1950,22,17
1950,23,11
1950,24,9
1950,25,9
1950,26,8
1950,27,11
1950,28,3
1950,29,5
1950,30,3
1950,31,3
1950,32,5
1950,33,3
1950,34,4
1950,35,2
1950,36,5
1950,37,1
1950,38,4
1950,40,2
1950,41,2
1950,42,3
1950,44,1
1950,45,1
1950,46,2
1950,48,1
1950,55,1
1950,56,1
1950,57,1
1951,0,971
1951,1,413
1951,2,255
1951,3,183
1951,4,115
1951,5,119
1951,6,72
1951,7,68
1951,8,51
1951,9,49
1951,10,37
1951,11,35
1951,12,25
1951,13,23
1951,14,24
1951,15,20
1951,16,17
1951,17,18
1951,18,14
1951,19,11
1951,20,7
1951,21,16
1951,22,6
1951,23,5
1951,24,4
1951,25,6
1951,26,4
1951,27,2
1951,28,1
1951,29,5
1951,30,2
1951,31,4
1951,32,5
1951,33,2
1951,34,3
1951,36,1
1951,37,2
1951,38,1
1951,41,1
1951,43,1
1951,44,1
1951,46,1
1951,48,1
1951,51,1
1951,58,1
1952,0,1169
1952,1,396
1952,2,180
1952,3,150
1952,4,77
1952,5,65
1952,6,44
1952,7,50
1952,8,43
1952,9,50
1952,10,43
1952,11,30
1952,12,41
1952,13,37
1952,14,24
1952,15,18
1952,16,21
1952,17,15
1952,18,18
1952,19,14
1952,20,14
1952,21,8
1952,22,7
1952,23,4
1952,24,7
1952,25,5
1952,26,6
1952,27,9
1952,28,8
1952,29,2
1952,30,3
1952,31,3
1952,32,7
1952,33,3
1952,34,3
1952,35,2
1952,36,4
1952,37,3
1952,39,1
1952,40,2
1952,41,1
1952,43,2
1952,44,3
1952,48,2
1952,51,1
1952,52,1
1952,53,1
1953,0,1120
1953,1,458
1953,2,344
1953,3,218
1953,4,137
1953,5,88
1953,6,66
1953,7,67
1953,8,42
1953,9,40
1953,10,31
1953,11,26
1953,12,25
1953,13,24
1953,14,26
1953,15,21
1953,16,18
1953,17,13
1953,18,18
1953,19,9
1953,20,5
1953,21,9
1953,22,10
1953,23,10
1953,24,10
1953,25,10
1953,26,9
1953,27,10
1953,28,9
1953,29,3
1953,30,1
1953,31,5
1953,32,5
1953,33,2
1953,34,3
1953,35,1
1953,36,2
1953,38,5
1953,39,2
1953,40,1
1953,41,3
1953,42,4
1953,43,1
1953,44,3
1953,48,1
1953,49,1
1953,52,1
1953,54,1
1953,62,1
1954,0,873
1954,1,627
1954,2,337
1954,3,266
1954,4,190
1954,5,141
1954,6,133
1954,7,102
1954,8,87
1954,9,69
1954,10,66
1954,11,71
1954,12,59
1954,13,59
1954,14,41
1954,15,52
1954,16,42
1954,17,43
1954,18,21
1954,19,26
1954,20,30
1954,21,26
1954,22,20
1954,23,24
1954,24,20
1954,25,12
1954,26,13
1954,27,11
1954,28,8
1954,29,6
1954,30,5
1954,31,9
1954,32,7
1954,33,6
1954,34,9
1954,35,9
1954,36,4
1954,37,9
1954,38,3
1954,39,4
1954,40,2
1954,41,4
1954,42,3
1954,43,4
1954,44,1
1954,47,3
1954,48,5
1954,49,3
1954,51,2
1954,53,2
1954,54,1
1954,55,2
1954,56,1
1954,60,1
1954,62,1
1954,68,1
1955,0,479
1955,1,655
1955,2,447
1955,3,355
1955,4,321
1955,5,241
1955,6,187
1955,7,167
1955,8,136
1955,9,148
1955,10,98
1955,11,77
1955,12,80
1955,13,83
1955,14,57
1955,15,46
1955,16,56
1955,17,42
1955,18,33
1955,19,36
1955,20,32
1955,21,30
1955,22,18
1955,23,20
1955,24,19
1955,25,20
1955,26,19
1955,27,14
1955,28,13
1955,29,15
1955,30,10
1955,31,10
1955,32,14
1955,33,8
1955,34,9
1955,35,9
1955,36,8
1955,37,4
1955,38,4
1955,39,3
1955,40,3
1955,41,3
1955,42,2
1955,43,4
1955,44,2
1955,45,4
1955,46,2
1955,47,2
1955,48,3
1955,49,3
1955,52,2
1955,54,1
1955,55,1
1955,56,1
1955,57,1
1955,60,2
1955,61,1
1955,63,1
1955,64,1
1955,65,1
1956,0,201
1956,1,391
1956,2,297
1956,3,238
1956,4,198
1956,5,210
1956,6,220
1956,7,200
1956,8,186
1956,9,178
1956,10,154
1956,11,134
1956,12,109
1956,13,113
1956,14,89
1956,15,60
1956,16,70
1956,17,56
1956,18,75
1956,19,62
1956,20,54
1956,21,52
1956,22,62
1956,23,40
1956,24,34
1956,25,27
1956,26,39
1956,27,27
1956,28,26
1956,29,18
1956,30,26
1956,31,14
1956,32,23
1956,33,17
1956,34,12
1956,35,20
1956,36,15
1956,37,10
1956,38,12
1956,39,11
1956,40,9
1956,41,9
1956,42,4
1956,43,7
1956,44,7
1956,45,8
1956,46,8
1956,47,5
1956,48,9
1956,50,6
1956,51,4
1956,52,2
1956,53,1
1956,54,2
1956,55,5
1956,56,1
1956,57,1
1956,58,1
1956,59,2
1956,60,2
1956,61,1
1956,62,1
1956,63,1
1956,64,2
1956,66,2
1956,67,1
1956,68,1
1957,0,71
1957,1,149
1957,2,218
1957,3,213
1957,4,205
1957,5,174
1957,6,147
1957,7,164
1957,8,170
1957,9,169
1957,10,167
1957,11,160
1957,12,128
1957,13,142
1957,14,94
1957,15,123
1957,16,83
1957,17,98
1957,18,93
1957,19,80
1957,20,85
1957,21,75
1957,22,62
1957,23,67
1957,24,50
1957,25,52
1957,26,52
1957,27,39
1957,28,41
1957,29,35
1957,30,34
1957,31,25
1957,32,24
1957,33,32
1957,34,34
1957,35,24
1957,36,20
1957,37,15
1957,38,16
1957,39,19
1957,40,10
1957,41,12
1957,42,9
1957,43,15
1957,44,14
1957,45,5
1957,46,12
1957,47,10
1957,48,7
1957,49,3
1957,50,5
1957,51,4
1957,52,6
1957,53,1
1957,54,1
1957,55,2
1957,56,4
1957,57,3
1957,58,2
1957,59,3
1957,60,2
1957,61,2
1957,62,3
1957,64,2
1957,66,2
1957,68,1
1957,74,1
1958,0,140
1958,1,255
1958,2,297
1958,3,244
1958,4,224
1958,5,191
1958,6,231
1958,7,196
1958,8,188
1958,9,196
1958,10,186
1958,11,162
1958,12,180
1958,13,160
1958,14,139
1958,15,111
1958,16,120
1958,17,75
1958,18,83
1958,19,80
1958,20,60
1958,21,69
1958,22,60
1958,23,69
1958,24,52
1958,25,39
1958,26,43
1958,27,40
1958,28,40
1958,29,31
1958,30,27
1958,31,26
1958,32,24
1958,33,25
1958,34,27
1958,35,20
1958,36,15
1958,37,18
1958,38,15
1958,39,20
1958,40,12
1958,41,15
1958,42,15
1958,43,9
1958,44,14
1958,45,9
1958,46,13
1958,47,6
1958,48,5
1958,49,5
1958,50,7
1958,51,10
1958,52,6
1958,53,2
1958,54,2
1958,55,4
1958,56,5
1958,57,3
1958,58,3
1958,59,2
1958,60,4
1958,61,5
1958,62,1
1958,63,2
1958,64,2
1958,65,1
1958,66,1
1958,67,1
1958,69,2
1958,71,2
1959,0,113
1959,1,244
1959,2,256
1959,3,210
1959,4,212
1959,5,209
1959,6,225
1959,7,214
1959,8,183
1959,9,213
1959,10,248
1959,11,212
1959,12,177
1959,13,164
1959,14,150
1959,15,114
1959,16,140
1959,17,89
1959,18,110
1959,19,86
1959,20,65
1959,21,78
1959,22,48
1959,23,65
1959,24,57
1959,25,69
1959,26,38
1959,27,43
1959,28,35
1959,29,35
1959,30,29
1959,31,31
1959,32,32
1959,33,19
1959,34,27
1959,35,29
1959,36,22
1959,37,10
1959,38,15
1959,39,19
1959,40,19
1959,41,23
1959,42,14
1959,43,11
1959,44,9
1959,45,6
1959,46,8
1959,47,10
1959,48,4
1959,49,7
1959,50,6
1959,51,8
1959,52,8
1959,53,10
1959,54,4
1959,55,2
1959,56,3
1959,57,8
1959,58,3
1959,59,2
1959,60,3
1959,62,6
1959,63,5
1959,65,4
1959,67,1
1959,68,1
1959,69,1
1959,70,1
1959,77,1
1960,0,161
1960,1,299
1960,2,253
1960,3,221
1960,4,260
1960,5,310
1960,6,271
1960,7,239
1960,8,236
1960,9,174
1960,10,206
1960,11,195
1960,12,176
1960,13,202
1960,14,169
1960,15,149
1960,16,132
1960,17,98
1960,18,117
1960,19,105
1960,20,83
1960,21,98
1960,22,78
1960,23,64
1960,24,82
1960,25,49
1960,26,56
1960,27,52
1960,28,27
1960,29,36
1960,30,32
1960,31,42
1960,32,24
1960,33,32
1960,34,24
1960,35,23
1960,36,18
1960,37,22
1960,38,17
1960,39,12
1960,40,12
1960,41,14
1960,42,16
1960,43,6
1960,44,10
1960,45,9
1960,46,10
1960,47,12
1960,48,8
1960,49,8
1960,50,8
1960,51,5
1960,52,5
1960,53,4
1960,54,5
1960,55,3
1960,56,1
1960,57,1
1960,58,3
1960,59,3
1960,60,2
1960,61,3
1960,62,1
1960,63,1
1960,64,3
1960,65,2
1960,67,1
1960,71,1
1960,77,1
1961,0,122
1961,1,245
1961,2,254
1961,3,241
1961,4,276
1961,5,236
1961,6,233
1961,7,218
1961,8,241
1961,9,225
1961,10,222
1961,11,187
1961,12,171
1961,13,180
1961,14,159
1961,15,129
1961,16,142
1961,17,117
1961,18,114
1961,19,89
1961,20,69
1961,21,67
1961,22,75
1961,23,64
1961,24,57
1961,25,55
1961,26,50
1961,27,43
1961,28,35
1961,29,45
1961,30,34
1961,31,24
1961,32,35
1961,33,21
1961,34,18
1961,35,30
1961,36,30
1961,37,19
1961,38,27
1961,39,18
1961,40,16
1961,41,13
1961,42,10
1961,43,13
1961,44,7
1961,45,3
1961,46,4
1961,47,8
1961,48,9
1961,49,8
1961,50,5
1961,51,1
1961,52,3
1961,53,1
1961,54,1
1961,55,5
1961,56,4
1961,57,2
1961,58,5
1961,59,1
1961,60,2
1961,62,2
1961,63,3
1961,64,5
1961,65,1
1961,67,2
1961,68,1
1961,79,1
1962,0,93
1962,1,222
1962,2,259
1962,3,267
1962,4,298
1962,5,253
1962,6,260
1962,7,246
1962,8,232
1962,9,219
1962,10,207
1962,11,179
1962,12,185
1962,13,184
1962,14,195
1962,15,151
1962,16,120
1962,17,105
1962,18,92
1962,19,100
1962,20,112
1962,21,88
1962,22,77
1962,23,66
1962,24,60
1962,25,61
1962,26,57
1962,27,44
1962,28,48
1962,29,47
1962,30,26
1962,31,43
1962,32,35
1962,33,31
1962,34,30
1962,35,24
1962,36,24
1962,37,23
1962,38,17
1962,39,24
1962,40,18
1962,41,10
1962,42,25
1962,43,17
1962,44,13
1962,45,15
1962,46,7
1962,47,9
1962,48,10
1962,49,6
1962,50,8
1962,51,6
1962,52,8
1962,53,7
1962,54,4
1962,55,4
1962,56,4
1962,57,4
1962,58,2
1962,59,1
1962,60,5
1962,61,6
1962,62,4
1962,64,4
1962,66,1
1962,69,1
1962,74,1
1962,75,1
1962,79,1
1963,0,23
1963,1,63
1963,2,96
1963,3,131
1963,4,158
1963,5,161
1963,6,165
1963,7,159
1963,8,162
1963,9,134
1963,10,167
1963,11,153
1963,12,189
1963,13,166
1963,14,178
1963,15,185
1963,16,181
1963,17,163
1963,18,144
1963,19,150
1963,20,125
1963,21,99
1963,22,109
1963,23,126
1963,24,108
1963,25,84
1963,26,80
1963,27,51
1963,28,40
1963,29,64
1963,30,35
1963,31,42
1963,32,45
1963,33,25
1963,34,47
1963,35,34
1963,36,39
1963,37,27
1963,38,25
1963,39,31
1963,40,12
1963,41,27
1963,42,12
1963,43,21
1963,44,25
1963,45,15
1963,46,11
1963,47,13
1963,48,18
1963,49,6
1963,50,14
1963,51,8
1963,52,11
1963,53,4
1963,54,10
1963,55,5
1963,56,8
1963,57,5
1963,58,5
1963,59,8
1963,60,6
1963,61,4
1963,62,4
1963,63,3
1963,64,1
1963,67,1
1963,68,1
1963,69,2
1963,70,1
1963,71,1
1963,72,1
1963,73,1
1963,75,1
1964,0,30
1964,1,191
1964,2,158
1964,3,172
1964,4,181
1964,5,154
1964,6,136
1964,7,142
1964,8,132
1964,9,182
1964,10,151
1964,11,159
1964,12,143
1964,13,175
1964,14,185
1964,15,168
1964,16,181
1964,17,173
1964,18,156
1964,19,171
1964,20,128
1964,21,117
1964,22,124
1964,23,136
1964,24,108
1964,25,83
1964,26,87
1964,27,71
1964,28,69
1964,29,38
1964,30,54
1964,31,45
1964,32,42
1964,33,41
1964,34,36
1964,35,44
1964,36,31
1964,37,35
1964,38,32
1964,39,22
1964,40,22
1964,41,12
1964,42,19
1964,43,20
1964,44,22
1964,45,18
1964,46,14
1964,47,17
1964,48,12
1964,49,16
1964,50,7
1964,51,8
1964,52,7
1964,53,10
1964,54,9
1964,55,5
1964,56,4
1964,57,3
1964,58,8
1964,59,5
1964,60,1
1964,61,3
1964,62,8
1964,63,7
1964,64,2
1964,65,4
1964,66,6
1964,68,4
1964,69,3
1964,70,5
1964,71,2
1964,73,1
1964,75,1
1965,0,32
1965,1,146
1965,2,148
1965,3,159
1965,4,165
1965,5,191
1965,6,216
1965,7,193
1965,8,197
1965,9,194
1965,10,183
1965,11,167
1965,12,148
1965,13,146
1965,14,167
1965,15,178
1965,16,220
1965,17,200
1965,18,157
1965,19,143
1965,20,139
1965,21,142
1965,22,143
1965,23,136
1965,24,122
1965,25,97
1965,26,96
1965,27,71
1965,28,80
1965,29,72
1965,30,58
1965,31,43
1965,32,39
1965,33,55
1965,34,46
1965,35,34
1965,36,34
1965,37,43
1965,38,31
1965,39,42
1965,40,35
1965,41,20
1965,42,18
1965,43,24
1965,44,21
1965,45,21
1965,46,15
1965,47,18
1965,48,14
1965,49,11
1965,50,13
1965,51,13
1965,52,8
1965,53,12
1965,54,9
1965,55,3
1965,56,5
1965,57,6
1965,58,2
1965,59,10
1965,60,6
1965,61,3
1965,62,1
1965,63,5
1965,64,7
1965,65,8
1965,66,2
1965,67,1
1965,68,3
1965,69,3
1965,71,1
1965,73,1
1965,74,3
1965,75,2
1965,77,1
1965,78,1
1965,80,1
1966,0,15
1966,1,32
1966,2,23
1966,3,21
1966,4,29
1966,5,39
1966,6,31
1966,7,39
1966,8,36
1966,9,43
1966,10,34
1966,11,57
1966,12,64
1966,13,58
1966,14,42
1966,15,56
1966,16,75
1966,17,61
1966,18,51
1966,19,68
1966,20,90
1966,21,62
1966,22,79
1966,23,128
1966,24,127
1966,25,133
1966,26,76
1966,27,82
1966,28,67
1966,29,57
1966,30,56
1966,31,58
1966,32,54
1966,33,54
1966,34,58
1966,35,53
1966,36,52
1966,37,40
1966,38,50
1966,39,50
1966,40,24
1966,41,27
1966,42,26
1966,43,25
1966,44,26
1966,45,9
1966,46,20
1966,47,17
1966,48,15
1966,49,15
1966,50,15
1966,51,9
1966,52,5
1966,53,12
1966,54,7
1966,55,8
1966,56,7
1966,57,9
1966,58,3
1966,59,6
1966,60,5
1966,61,7
1966,62,6
1966,63,1
1966,64,7
1966,65,9
1966,66,2
1966,67,3
1966,68,3
1966,69,1
1966,70,4
1966,71,2
1966,72,1
1966,73,1
1966,76,1
1966,77,1
1966,79,2
1967,0,17
1967,1,23
1967,2,52
1967,3,102
1967,4,111
1967,5,119
1967,6,122
1967,7,125
1967,8,112
1967,9,118
1967,10,165
1967,11,146
1967,12,123
1967,13,142
1967,14,146
1967,15,145
1967,16,140
1967,17,153
1967,18,168
1967,19,161
1967,20,181
1967,21,189
1967,22,212
1967,23,184
1967,24,147
1967,25,113
1967,26,107
1967,27,113
1967,28,101
1967,29,96
1967,30,78
1967,31,78
1967,32,76
1967,33,60
1967,34,61
1967,35,52
1967,36,73
1967,37,51
1967,38,48
1967,39,41
1967,40,56
1967,41,46
1967,42,27
1967,43,31
1967,44,21
1967,45,35
1967,46,21
1967,47,21
1967,48,19
1967,49,23
1967,50,16
1967,51,21
1967,52,13
1967,53,12
1967,54,19
1967,55,12
1967,56,11
1967,57,10
1967,58,6
1967,59,12
1967,60,7
1967,61,7
1967,62,6
1967,63,4
1967,64,2
1967,65,10
1967,66,6
1967,67,3
1967,69,3
1967,70,4
1967,71,2
1967,72,4
1967,73,2
1967,74,2
1967,75,3
1967,80,1
1967,82,1
1968,0,9
1968,1,29
1968,2,53
1968,3,105
1968,4,106
1968,5,121
1968,6,121
1968,7,118
1968,8,112
1968,9,156
1968,10,112
1968,11,150
1968,12,181
1968,13,183
1968,14,134
1968,15,133
1968,16,148
1968,17,140
1968,18,203
1968,19,188
1968,20,185
1968,21,196
1968,22,190
1968,23,235
1968,24,154
1968,25,160
1968,26,142
1968,27,108
1968,28,111
1968,29,108
1968,30,85
1968,31,89
1968,32,60
1968,33,67
1968,34,64
1968,35,69
1968,36,64
1968,37,51
1968,38,48
1968,39,61
1968,40,51
1968,41,37
1968,42,30
1968,43,23
1968,44,34
1968,45,22
1968,46,30
1968,47,23
1968,48,15
1968,49,19
1968,50,22
1968,51,23
1968,52,23
1968,53,9
1968,54,16
1968,55,12
1968,56,8
1968,57,7
1968,58,9
1968,59,6
1968,60,5
1968,61,7
1968,62,6
1968,63,6
1968,64,4
1968,65,1
1968,66,1
1968,67,1
1968,68,5
1968,69,4
1968,70,3
1968,71,3
1968,72,2
1968,73,3
1968,74,3
1968,75,2
1968,76,2
1968,77,2
1968,79,1
1969,0,8
1969,1,36
1969,2,57
1969,3,62
1969,4,92
1969,5,105
1969,6,106
1969,7,112
1969,8,114
1969,9,121
1969,10,116
1969,11,124
1969,12,157
1969,13,148
1969,14,164
1969,15,118
1969,16,117
1969,17,117
1969,18,129
1969,19,157
1969,20,224
1969,21,206
1969,22,211
1969,23,236
1969,24,183
1969,25,164
1969,26,138
1969,27,157
1969,28,120
1969,29,109
1969,30,95
1969,31,98
1969,32,90
1969,33,88
1969,34,84
1969,35,71
1969,36,77
1969,37,68
1969,38,65
1969,39,65
1969,40,62
1969,41,42
1969,42,48
1969,43,44
1969,44,34
1969,45,27
1969,46,35
1969,47,28
1969,48,20
1969,49,24
1969,50,24
1969,51,19
1969,52,14
1969,53,17
1969,54,19
1969,55,17
1969,56,8
1969,57,13
1969,58,6
1969,59,7
1969,60,7
1969,61,4
1969,62,9
1969,63,7
1969,64,6
1969,65,4
1969,66,11
1969,67,3
1969,68,3
1969,69,2
1969,70,3
1969,72,2
1969,73,2
1969,74,3
1969,76,2
1969,77,1
1969,78,1
1969,79,3
1969,83,2
1970,0,8
1970,1,65
1970,2,57
1970,3,55
1970,4,90
1970,5,113
1970,6,126
1970,7,123
1970,8,117
1970,9,108
1970,10,115
1970,11,145
1970,12,148
1970,13,148
1970,14,137
1970,15,147
1970,16,118
1970,17,126
1970,18,142
1970,19,143
1970,20,191
1970,21,179
1970,22,204
1970,23,215
1970,24,209
1970,25,182
1970,26,164
1970,27,147
1970,28,143
1970,29,113
1970,30,120
1970,31,110
1970,32,91
1970,33,111
1970,34,105
1970,35,99
1970,36,97
1970,37,82
1970,38,69
1970,39,43
1970,40,58
1970,41,47
1970,42,60
1970,43,41
1970,44,47
1970,45,34
1970,46,31
1970,47,31
1970,48,30
1970,49,30
1970,50,21
1970,51,30
1970,52,16
1970,53,18
1970,54,25
1970,55,20
1970,56,10
1970,57,17
1970,58,7
1970,59,12
1970,60,5
1970,61,9
1970,62,10
1970,63,8
1970,64,11
1970,65,6
1970,66,7
1970,67,7
1970,68,6
1970,69,2
1970,70,6
1970,71,3
1970,72,6
1970,73,2
1970,74,2
1970,75,3
1970,77,2
1970,78,2
1970,79,3
1970,80,1
1971,0,7
1971,1,32
1971,2,68
1971,3,70
1971,4,102
1971,5,107
1971,6,130
1971,7,130
1971,8,113
1971,9,132
1971,10,135
1971,11,135
1971,12,160
1971,13,145
1971,14,116
1971,15,101
1971,16,154
1971,17,139
1971,18,147
1971,19,185
1971,20,173
1971,21,192
1971,22,181
1971,23,188
1971,24,193
1971,25,174
1971,26,153
1971,27,136
1971,28,115
1971,29,114
1971,30,105
1971,31,98
1971,32,88
1971,33,107
1971,34,87
1971,35,81
1971,36,69
1971,37,82
1971,38,68
1971,39,55
1971,40,49
1971,41,53
1971,42,46
1971,43,47
1971,44,35
1971,45,46
1971,46,35
1971,47,31
1971,48,38
1971,49,33
1971,50,36
1971,51,23
1971,52,26
1971,53,15
1971,54,19
1971,55,19
1971,56,10
1971,57,9
1971,58,8
1971,59,13
1971,60,11
1971,61,9
1971,62,8
1971,63,10
1971,64,8
1971,65,5
1971,66,6
1971,67,8
1971,68,6
1971,69,3
1971,70,3
1971,71,4
1971,72,4
1971,73,2
1971,74,2
1971,76,1
1971,78,1
1971,79,3
1971,80,1
1972,0,11
1972,1,47
1972,2,45
1972,3,62
1972,4,82
1972,5,116
1972,6,164
1972,7,136
1972,8,111
1972,9,123
1972,10,125
1972,11,152
1972,12,133
1972,13,149
1972,14,159
1972,15,153
1972,16,140
1972,17,143
1972,18,169
1972,19,191
1972,20,162
1972,21,228
1972,22,223
1972,23,191
1972,24,235
1972,25,183
1972,26,189
1972,27,156
1972,28,164
1972,29,142
1972,30,115
1972,31,108
1972,32,107
1972,33,95
1972,34,130
1972,35,103
1972,36,97
1972,37,84
1972,38,82
1972,39,68
1972,40,53
1972,41,84
1972,42,52
1972,43,65
1972,44,49
1972,45,42
1972,46,32
1972,47,34
1972,48,27
1972,49,22
1972,50,28
1972,51,19
1972,52,22
1972,53,14
1972,54,16
1972,55,20
1972,56,12
1972,57,14
1972,58,15
1972,59,13
1972,60,12
1972,61,15
1972,62,1
1972,63,7
1972,64,4
1972,65,9
1972,66,4
1972,67,2
1972,68,8
1972,69,6
1972,70,6
1972,71,1
1972,72,1
1972,73,5
1972,74,1
1972,75,2
1972,76,3
1972,77,2
1972,78,1
1972,79,1
1972,82,1
1973,0,7
1973,1,70
1973,2,54
1973,3,40
1973,4,32
1973,5,61
1973,6,86
1973,7,93
1973,8,90
1973,9,105
1973,10,97
1973,11,95
1973,12,97
1973,13,106
1973,14,132
1973,15,101
1973,16,111
1973,17,147
1973,18,159
1973,19,221
1973,20,205
1973,21,167
1973,22,190
1973,23,222
1973,24,219
1973,25,203
1973,26,152
1973,27,156
1973,28,163
1973,29,152
1973,30,154
1973,31,145
1973,32,149
1973,33,122
1973,34,98
1973,35,108
1973,36,117
1973,37,83
1973,38,81
1973,39,68
1973,40,91
1973,41,67
1973,42,74
1973,43,64
1973,44,58
1973,45,51
1973,46,46
1973,47,32
1973,48,41
1973,49,28
1973,50,43
1973,51,26
1973,52,24
1973,53,15
1973,54,21
1973,55,19
1973,56,16
1973,57,11
1973,58,9
1973,59,16
1973,60,7
1973,61,11
1973,62,8
1973,63,13
1973,64,8
1973,65,5
1973,66,8
1973,67,10
1973,68,3
1973,69,4
1973,70,3
1973,71,4
1973,72,1
1973,73,6
1973,74,4
1973,75,2
1973,77,4
1973,78,1
1973,79,1
1974,0,10
1974,1,48
1974,2,66
1974,3,77
1974,4,120
1974,5,129
1974,6,182
1974,7,105
1974,8,154
1974,9,142
1974,10,129
1974,11,164
1974,12,192
1974,13,167
1974,14,197
1974,15,166
1974,16,190
1974,17,174
1974,18,206
1974,19,185
1974,20,199
1974,21,203
1974,22,202
1974,23,256
1974,24,226
1974,25,211
1974,26,181
1974,27,177
1974,28,153
1974,29,129
1974,30,129
1974,31,134
1974,32,109
1974,33,120
1974,34,80
1974,35,100
1974,36,86
1974,37,71
1974,38,86
1974,39,70
1974,40,55
1974,41,56
1974,42,59
1974,43,43
1974,44,49
1974,45,48
1974,46,27
1974,47,31
1974,48,30
1974,49,24
1974,50,16
1974,51,22
1974,52,20
1974,53,11
1974,54,20
1974,55,16
1974,56,14
1974,57,5
1974,58,10
1974,59,7
1974,60,3
1974,61,8
1974,62,6
1974,63,6
1974,64,9
1974,65,1
1974,66,1
1974,67,6
1974,68,1
1974,69,3
1974,70,2
1974,71,1
1974,72,2
1974,73,1
1974,74,1
1974,76,1
1974,83,1
1975,0,11
1975,1,105
1975,2,90
1975,3,83
1975,4,90
1975,5,92
1975,6,120
1975,7,138
1975,8,129
1975,9,117
1975,10,150
1975,11,159
1975,12,137
1975,13,167
1975,14,170
1975,15,197
1975,16,177
1975,17,217
1975,18,138
1975,19,170
1975,20,176
1975,21,219
1975,22,283
1975,23,250
1975,24,227
1975,25,220
1975,26,187
1975,27,178
1975,28,163
1975,29,171
1975,30,148
1975,31,135
1975,32,113
1975,33,120
1975,34,122
1975,35,123
1975,36,112
1975,37,113
1975,38,74
1975,39,80
1975,40,63
1975,41,69
1975,42,55
1975,43,64
1975,44,57
1975,45,51
1975,46,37
1975,47,35
1975,48,35
1975,49,32
1975,50,21
1975,51,19
1975,52,18
1975,53,25
1975,54,13
1975,55,14
1975,56,21
1975,57,11
1975,58,10
1975,59,13
1975,60,7
1975,61,11
1975,62,11
1975,63,8
1975,64,6
1975,65,8
1975,66,1
1975,67,7
1975,68,4
1975,69,3
1975,70,6
1975,71,2
1975,72,2
1975,73,2
1975,74,2
1975,76,5
1975,77,2
1975,78,1
1975,79,1
1975,83,1
1976,0,3
1976,1,61
1976,2,86
1976,3,54
1976,4,72
1976,5,100
1976,6,105
1976,7,147
1976,8,162
1976,9,141
1976,10,115
1976,11,130
1976,12,136
1976,13,124
1976,14,131
1976,15,137
1976,16,157
1976,17,139
1976,18,179
1976,19,183
1976,20,129
1976,21,187
1976,22,188
1976,23,220
1976,24,206
1976,25,193
1976,26,201
1976,27,189
1976,28,142
1976,29,153
1976,30,127
1976,31,139
1976,32,123
1976,33,107
1976,34,125
1976,35,131
1976,36,106
1976,37,92
1976,38,84
1976,39,80
1976,40,83
1976,41,70
1976,42,53
1976,43,51
1976,44,52
1976,45,58
1976,46,40
1976,47,38
1976,48,43
1976,49,40
1976,50,37
1976,51,22
1976,52,31
1976,53,27
1976,54,29
1976,55,25
1976,56,17
1976,57,11
1976,58,7
1976,59,17
1976,60,10
1976,61,6
1976,62,13
1976,63,13
1976,64,6
1976,65,3
1976,66,5
1976,67,4
1976,68,5
1976,69,5
1976,70,5
1976,71,3
1976,72,3
1976,73,3
1976,74,4
1976,75,2
1976,76,3
1976,77,1
1976,79,1
1976,80,1
1976,81,1
1976,84,1
1977,0,2
1977,1,35
1977,2,89
1977,3,84
1977,4,88
1977,5,112
1977,6,125
1977,7,141
1977,8,164
1977,9,165
1977,10,129
1977,11,133
1977,12,155
1977,13,156
1977,14,147
1977,15,173
1977,16,151
1977,17,169
1977,18,210
1977,19,201
1977,20,206
1977,21,198
1977,22,211
1977,23,197
1977,24,209
1977,25,173
1977,26,192
1977,27,172
1977,28,205
1977,29,182
1977,30,182
1977,31,172
1977,32,148
1977,33,125
1977,34,112
1977,35,135
1977,36,97
1977,37,82
1977,38,74
1977,39,84
1977,40,74
1977,41,73
1977,42,60
1977,43,57
1977,44,52
1977,45,58
1977,46,39
1977,47,31
1977,48,38
1977,49,22
1977,50,32
1977,51,31
1977,52,32
1977,53,25
1977,54,25
1977,55,20
1977,56,14
1977,57,14
1977,58,15
1977,59,11
1977,60,9
1977,61,13
1977,62,11
1977,63,12
1977,64,12
1977,65,3
1977,66,4
1977,67,6
1977,68,5
1977,69,4
1977,70,3
1977,71,4
1977,72,2
1977,73,2
1977,74,4
1977,75,3
1977,76,3
1977,77,4
1977,78,1
1977,80,2
1977,82,2
1977,86,1
1978,0,6
1978,1,51
1978,2,58
1978,3,57
1978,4,77
1978,5,106
1978,6,105
1978,7,125
1978,8,149
1978,9,154
1978,10,105
1978,11,118
1978,12,144
1978,13,161
1978,14,149
1978,15,171
1978,16,144
1978,17,182
1978,18,188
1978,19,220
1978,20,231
1978,21,171
1978,22,189
1978,23,190
1978,24,177
1978,25,196
1978,26,149
1978,27,177
1978,28,168
1978,29,186
1978,30,165
1978,31,219
1978,32,166
1978,33,148
1978,34,128
1978,35,120
1978,36,101
1978,37,97
1978,38,102
1978,39,92
1978,40,75
1978,41,68
1978,42,55
1978,43,55
1978,44,54
1978,45,61
1978,46,45
1978,47,41
1978,48,30
1978,49,45
1978,50,30
1978,51,40
1978,52,22
1978,53,24
1978,54,21
1978,55,18
1978,56,18
1978,57,20
1978,58,14
1978,59,7
1978,60,8
1978,61,13
1978,62,17
1978,63,8
1978,64,6
1978,65,13
1978,66,6
1978,67,8
1978,68,6
1978,69,5
1978,70,11
1978,71,6
1978,72,1
1978,74,2
1978,75,3
1978,76,2
1978,77,1
1978,78,1
1978,81,2
1978,82,1
1979,1,36
1979,2,84
1979,3,81
1979,4,97
1979,5,70
1979,6,104
1979,7,136
1979,8,140
1979,9,150
1979,10,141
1979,11,126
1979,12,126
1979,13,120
1979,14,155
1979,15,185
1979,16,156
1979,17,173
1979,18,152
1979,19,159
1979,20,176
1979,21,199
1979,22,149
1979,23,188
1979,24,189
1979,25,164
1979,26,179
1979,27,170
1979,28,252
1979,29,290
1979,30,154
1979,31,177
1979,32,140
1979,33,129
1979,34,117
1979,35,116
1979,36,124
1979,37,102
1979,38,168
1979,39,234
1979,40,109
1979,41,158
1979,42,60
1979,43,66
1979,44,93
1979,45,43
1979,46,51
1979,47,32
1979,48,42
1979,49,35
1979,50,43
1979,51,22
1979,52,30
1979,53,36
1979,54,26
1979,55,17
1979,56,22
1979,57,12
1979,58,21
1979,59,15
1979,60,10
1979,61,20
1979,62,12
1979,63,14
1979,64,11
1979,65,6
1979,66,12
1979,67,4
1979,68,6
1979,69,7
1979,70,2
1979,71,1
1979,72,3
1979,74,5
1979,75,4
1979,76,3
1979,77,1
1979,79,1
1979,80,1
1979,84,1
1980,0,1
1980,1,30
1980,2,99
1980,3,115
1980,4,124
1980,5,118
1980,6,165
1980,7,199
1980,8,171
1980,9,155
1980,10,132
1980,11,122
1980,12,150
1980,13,213
1980,14,210
1980,15,224
1980,16,247
1980,17,250
1980,18,209
1980,19,199
1980,20,176
1980,21,215
1980,22,269
1980,23,201
1980,24,187
1980,25,219
1980,26,162
1980,27,239
1980,28,294
1980,29,240
1980,30,174
1980,31,161
1980,32,165
1980,33,173
1980,34,186
1980,35,168
1980,36,245
1980,37,398
1980,38,187
1980,39,106
1980,40,93
1980,41,89
1980,42,65
1980,43,67
1980,44,55
1980,45,65
1980,46,57
1980,47,43
1980,48,50
1980,49,65
1980,50,41
1980,51,47
1980,52,35
1980,53,34
1980,54,23
1980,55,13
1980,56,23
1980,57,17
1980,58,13
1980,59,11
1980,60,10
1980,61,7
1980,62,13
1980,63,9
1980,64,8
1980,65,7
1980,66,9
1980,67,5
1980,68,5
1980,69,5
1980,70,5
1980,71,3
1980,72,5
1980,73,3
1980,74,3
1980,75,2
1980,76,2
1980,78,2
1980,79,1
1980,81,1
1980,83,1
1980,85,1
1981,0,1
1981,1,49
1981,2,79
1981,3,87
1981,4,106
1981,5,111
1981,6,143
1981,7,148
1981,8,148
1981,9,137
1981,10,118
1981,11,134
1981,12,162
1981,13,154
1981,14,216
1981,15,176
1981,16,166
1981,17,150
1981,18,158
1981,19,170
1981,20,167
1981,21,190
1981,22,215
1981,23,215
1981,24,223
1981,25,202
1981,26,260
1981,27,361
1981,28,222
1981,29,201
1981,30,182
1981,31,186
1981,32,207
1981,33,233
1981,34,150
1981,35,182
1981,36,324
1981,37,180
1981,38,135
1981,39,100
1981,40,84
1981,41,84
1981,42,70
1981,43,66
1981,44,62
1981,45,59
1981,46,58
1981,47,42
1981,48,36
1981,49,34
1981,50,26
1981,51,22
1981,52,35
1981,53,27
1981,54,18
1981,55,19
1981,56,25
1981,57,18
1981,58,16
1981,59,18
1981,60,9
1981,61,9
1981,62,9
1981,63,8
1981,64,3
1981,65,5
1981,66,7
1981,67,3
1981,68,3
1981,69,5
1981,70,4
1981,71,2
1981,72,4
1981,73,1
1981,74,4
1981,75,4
1981,76,1
1981,78,2
1981,82,1
1982,0,2
1982,1,43
1982,2,66
1982,3,76
1982,4,123
1982,5,139
1982,6,153
1982,7,151
1982,8,174
1982,9,143
1982,10,131
1982,11,114
1982,12,146
1982,13,163
1982,14,165
1982,15,198
1982,16,141
1982,17,152
1982,18,168
1982,19,158
1982,20,160
1982,21,184
1982,22,224
1982,23,205
1982,24,189
1982,25,224
1982,26,232
1982,27,260
1982,28,228
1982,29,259
1982,30,304
1982,31,255
1982,32,250
1982,33,191
1982,34,181
1982,35,129
1982,36,149
1982,37,135
1982,38,124
1982,39,91
1982,40,108
1982,41,72
1982,42,81
1982,43,73
1982,44,58
1982,45,51
1982,46,50
1982,47,48
1982,48,37
1982,49,39
1982,50,34
1982,51,26
1982,52,28
1982,53,30
1982,54,29
1982,55,18
1982,56,25
1982,57,16
1982,58,16
1982,59,18
1982,60,12
1982,61,16
1982,62,10
1982,63,10
1982,64,7
1982,65,9
1982,66,6
1982,67,4
1982,68,5
1982,69,3
1982,70,4
1982,71,3
1982,72,3
1982,73,5
1982,74,1
1982,75,2
1982,76,1
1982,77,1
1982,78,1
1982,80,2
1982,81,1
1982,84,1
1982,85,1
1983,1,13
1983,2,23
1983,3,51
1983,4,95
1983,5,107
1983,6,89
1983,7,149
1983,8,144
1983,9,127
1983,10,120
1983,11,119
1983,12,116
1983,13,163
1983,14,198
1983,15,154
1983,16,179
1983,17,161
1983,18,189
1983,19,157
1983,20,185
1983,21,166
1983,22,173
1983,23,172
1983,24,153
1983,25,184
1983,26,232
1983,27,243
1983,28,202
1983,29,205
1983,30,210
1983,31,189
1983,32,172
1983,33,177
1983,34,207
1983,35,348
1983,36,247
1983,37,125
1983,38,112
1983,39,99
1983,40,79
1983,41,81
1983,42,80
1983,43,75
1983,44,64
1983,45,69
1983,46,43
1983,47,48
1983,48,45
1983,49,41
1983,50,33
1983,51,27
1983,52,33
1983,53,29
1983,54,33
1983,55,26
1983,56,20
1983,57,14
1983,58,12
1983,59,12
1983,60,19
1983,61,12
1983,62,11
1983,63,8
1983,64,9
1983,65,7
1983,66,7
1983,67,4
1983,68,6
1983,69,5
1983,70,2
1983,71,5
1983,72,2
1983,73,7
1983,74,3
1983,75,1
1983,76,2
1983,79,2
1983,83,2
1983,85,1
1984,0,2
1984,1,24
1984,2,49
1984,3,46
1984,4,66
1984,5,65
1984,6,92
1984,7,122
1984,8,154
1984,9,132
1984,10,130
1984,11,126
1984,12,116
1984,13,134
1984,14,149
1984,15,169
1984,16,188
1984,17,167
1984,18,193
1984,19,256
1984,20,254
1984,21,222
1984,22,219
1984,23,277
1984,24,217
1984,25,191
1984,26,185
1984,27,237
1984,28,272
1984,29,327
1984,30,199
1984,31,199
1984,32,175
1984,33,168
1984,34,243
1984,35,313
1984,36,232
1984,37,132
1984,38,136
1984,39,92
1984,40,101
1984,41,89
1984,42,66
1984,43,74
1984,44,87
1984,45,55
1984,46,62
1984,47,51
1984,48,59
1984,49,41
1984,50,38
1984,51,53
1984,52,35
1984,53,52
1984,54,28
1984,55,31
1984,56,21
1984,57,20
1984,58,22
1984,59,13
1984,60,14
1984,61,12
1984,62,10
1984,63,10
1984,64,8
1984,65,10
1984,66,13
1984,67,2
1984,68,7
1984,69,5
1984,70,2
1984,71,5
1984,72,6
1984,73,3
1984,74,2
1984,75,4
1984,76,5
1984,77,2
1984,78,2
1984,79,1
1984,80,2
1984,83,1
1985,1,19
1985,2,51
1985,3,74
1985,4,98
1985,5,120
1985,6,107
1985,7,137
1985,8,138
1985,9,160
1985,10,133
1985,11,176
1985,12,135
1985,13,188
1985,14,211
1985,15,197
1985,16,210
1985,17,189
1985,18,198
1985,19,249
1985,20,207
1985,21,192
1985,22,195
1985,23,235
1985,24,252
1985,25,276
1985,26,251
1985,27,200
1985,28,224
1985,29,243
1985,30,197
1985,31,213
1985,32,205
1985,33,209
1985,34,167
1985,35,248
1985,36,143
1985,37,145
1985,38,124
1985,39,119
1985,40,98
1985,41,89
1985,42,79
1985,43,75
1985,44,69
1985,45,75
1985,46,54
1985,47,59
1985,48,47
1985,49,46
1985,50,43
1985,51,28
1985,52,28
1985,53,19
1985,54,35
1985,55,30
1985,56,29
1985,57,18
1985,58,20
1985,59,11
1985,60,14
1985,61,9
1985,62,6
1985,63,8
1985,64,10
1985,65,6
1985,66,9
1985,67,6
1985,68,5
1985,69,7
1985,70,9
1985,71,1
1985,72,2
1985,73,3
1985,74,1
1985,75,1
1985,76,2
1985,77,1
1985,78,2
1985,79,1
1985,82,1
1985,84,1
1985,86,1
1986,1,24
1986,2,38
1986,3,63
1986,4,98
1986,5,154
1986,6,162
1986,7,197
1986,8,204
1986,9,195
1986,10,202
1986,11,200
1986,12,200
1986,13,198
1986,14,214
1986,15,245
1986,16,202
1986,17,317
1986,18,253
1986,19,285
1986,20,254
1986,21,223
1986,22,258
1986,23,252
1986,24,234
1986,25,233
1986,26,312
1986,27,280
1986,28,298
1986,29,260
1986,30,243
1986,31,186
1986,32,176
1986,33,178
1986,34,187
1986,35,186
1986,36,216
1986,37,120
1986,38,111
1986,39,120
1986,40,99
1986,41,90
1986,42,99
1986,43,79
1986,44,82
1986,45,62
1986,46,61
1986,47,45
1986,48,62
1986,49,59
1986,50,48
1986,51,43
1986,52,30
1986,53,31
1986,54,33
1986,55,28
1986,56,21
1986,57,18
1986,58,16
1986,59,18
1986,60,20
1986,61,9
1986,62,12
1986,63,8
1986,64,8
1986,65,6
1986,66,13
1986,67,6
1986,68,2
1986,69,8
1986,70,5
1986,71,8
1986,72,3
1986,73,2
1986,74,3
1986,75,4
1986,76,1
1986,77,1
1986,78,1
1986,81,1
1986,84,1
1987,0,1
1987,1,15
1987,2,39
1987,3,37
1987,4,48
1987,5,110
1987,6,115
1987,7,85
1987,8,115
1987,9,143
1987,10,128
1987,11,171
1987,12,165
1987,13,185
1987,14,207
1987,15,204
1987,16,239
1987,17,185
1987,18,242
1987,19,185
1987,20,229
1987,21,203
1987,22,246
1987,23,257
1987,24,212
1987,25,203
1987,26,217
1987,27,361
1987,28,363
1987,29,265
1987,30,187
1987,31,204
1987,32,204
1987,33,218
1987,34,199
1987,35,248
1987,36,172
1987,37,146
1987,38,139
1987,39,136
1987,40,132
1987,41,141
1987,42,98
1987,43,98
1987,44,91
1987,45,84
1987,46,68
1987,47,57
1987,48,63
1987,49,54
1987,50,44
1987,51,54
1987,52,49
1987,53,42
1987,54,37
1987,55,32
1987,56,21
1987,57,23
1987,58,23
1987,59,21
1987,60,15
1987,61,13
1987,62,12
1987,63,7
1987,64,6
1987,65,11
1987,66,9
1987,67,8
1987,68,4
1987,69,6
1987,70,8
1987,71,3
1987,72,3
1987,73,5
1987,74,2
1987,75,5
1987,77,1
1987,78,2
1987,79,3
1987,80,2
1987,82,1
1987,83,1
1988,0,2
1988,1,20
1988,2,70
1988,3,57
1988,4,81
1988,5,103
1988,6,127
1988,7,125
1988,8,168
1988,9,172
1988,10,166
1988,11,170
1988,12,172
1988,13,208
1988,14,225
1988,15,224
1988,16,314
1988,17,308
1988,18,263
1988,19,251
1988,20,231
1988,21,256
1988,22,297
1988,23,313
1988,24,298
1988,25,240
1988,26,218
1988,27,229
1988,28,249
1988,29,222
1988,30,191
1988,31,204
1988,32,196
1988,33,195
1988,34,238
1988,35,221
1988,36,159
1988,37,167
1988,38,137
1988,39,131
1988,40,136
1988,41,105
1988,42,93
1988,43,90
1988,44,79
1988,45,88
1988,46,72
1988,47,74
1988,48,63
1988,49,61
1988,50,49
1988,51,45
1988,52,53
1988,53,40
1988,54,31
1988,55,23
1988,56,24
1988,57,30
1988,58,23
1988,59,17
1988,60,20
1988,61,9
1988,62,13
1988,63,9
1988,64,14
1988,65,7
1988,66,4
1988,67,8
1988,68,7
1988,69,3
1988,70,6
1988,71,4
1988,72,4
1988,73,2
1988,74,4
1988,75,1
1988,77,1
1988,78,1
1988,79,1
1989,0,2
1989,1,26
1989,2,40
1989,3,35
1989,4,60
1989,5,108
1989,6,122
1989,7,118
1989,8,160
1989,9,182
1989,10,212
1989,11,202
1989,12,226
1989,13,273
1989,14,251
1989,15,255
1989,16,276
1989,17,244
1989,18,272
1989,19,302
1989,20,275
1989,21,319
1989,22,279
1989,23,286
1989,24,233
1989,25,316
1989,26,313
1989,27,332
1989,28,365
1989,29,233
1989,30,209
1989,31,188
1989,32,215
1989,33,234
1989,34,204
1989,35,278
1989,36,291
1989,37,184
1989,38,139
1989,39,129
1989,40,145
1989,41,137
1989,42,100
1989,43,91
1989,44,107
1989,45,87
1989,46,81
1989,47,68
1989,48,53
1989,49,73
1989,50,46
1989,51,43
1989,52,40
1989,53,31
1989,54,35
1989,55,27
1989,56,28
1989,57,22
1989,58,24
1989,59,16
1989,60,11
1989,61,13
1989,62,9
1989,63,11
1989,64,9
1989,65,9
1989,66,11
1989,67,4
1989,68,6
1989,69,5
1989,70,6
1989,71,2
1989,72,3
1989,73,3
1989,74,2
1989,75,1
1989,76,1
1989,77,2
1989,79,1
1990,0,5
1990,1,9
1990,2,41
1990,3,54
1990,4,66
1990,5,132
1990,6,176
1990,7,228
1990,8,221
1990,9,244
1990,10,211
1990,11,216
1990,12,243
1990,13,249
1990,14,252
1990,15,275
1990,16,302
1990,17,297
1990,18,278
1990,19,318
1990,20,250
1990,21,297
1990,22,304
1990,23,335
1990,24,264
1990,25,268
1990,26,238
1990,27,340
1990,28,263
1990,29,241
1990,30,223
1990,31,188
1990,32,230
1990,33,221
1990,34,212
1990,35,213
1990,36,255
1990,37,187
1990,38,187
1990,39,147
1990,40,147
1990,41,140
1990,42,148
1990,43,95
1990,44,99
1990,45,91
1990,46,92
1990,47,72
1990,48,75
1990,49,50
1990,50,57
1990,51,65
1990,52,51
1990,53,36
1990,54,38
1990,55,51
1990,56,32
1990,57,29
1990,58,21
1990,59,23
1990,60,13
1990,61,10
1990,62,13
1990,63,8
1990,64,10
1990,65,15
1990,66,1
1990,67,11
1990,68,6
1990,69,5
1990,70,3
1990,71,2
1990,72,4
1990,73,1
1990,74,5
1990,75,1
1990,78,1
1990,79,1
1990,83,1
1991,0,4
1991,1,20
1991,2,53
1991,3,62
1991,4,79
1991,5,95
1991,6,105
1991,7,90
1991,8,176
1991,9,196
1991,10,188
1991,11,192
1991,12,174
1991,13,175
1991,14,206
1991,15,206
1991,16,232
1991,17,232
1991,18,237
1991,19,255
1991,20,247
1991,21,277
1991,22,296
1991,23,304
1991,24,262
1991,25,241
1991,26,255
1991,27,306
1991,28,263
1991,29,239
1991,30,209
1991,31,218
1991,32,252
1991,33,263
1991,34,258
1991,35,360
1991,36,308
1991,37,212
1991,38,200
1991,39,191
1991,40,163
1991,41,155
1991,42,127
1991,43,148
1991,44,121
1991,45,96
1991,46,88
1991,47,82
1991,48,79
1991,49,82
1991,50,63
1991,51,64
1991,52,51
1991,53,57
1991,54,36
1991,55,41
1991,56,46
1991,57,36
1991,58,34
1991,59,26
1991,60,17
1991,61,19
1991,62,18
1991,63,21
1991,64,20
1991,65,11
1991,66,13
1991,67,3
1991,68,9
1991,69,3
1991,70,12
1991,71,5
1991,72,4
1991,73,4
1991,74,2
1991,75,4
1991,76,3
1991,77,1
1991,78,3
1991,79,1
1991,80,2
1991,81,2
1991,83,2
1992,0,7
1992,1,3
1992,2,21
1992,3,37
1992,4,36
1992,5,38
1992,6,61
1992,7,92
1992,8,175
1992,9,202
1992,10,175
1992,11,221
1992,12,196
1992,13,240
1992,14,201
1992,15,246
1992,16,259
1992,17,226
1992,18,228
1992,19,262
1992,20,251
1992,21,265
1992,22,250
1992,23,298
1992,24,264
1992,25,226
1992,26,239
1992,27,286
1992,28,233
1992,29,234
1992,30,245
1992,31,253
1992,32,242
1992,33,239
1992,34,304
1992,35,416
1992,36,274
1992,37,242
1992,38,196
1992,39,193
1992,40,182
1992,41,205
1992,42,184
1992,43,122
1992,44,151
1992,45,121
1992,46,107
1992,47,90
1992,48,87
1992,49,78
1992,50,78
1992,51,62
1992,52,57
1992,53,68
1992,54,43
1992,55,46
1992,56,33
1992,57,34
1992,58,25
1992,59,21
1992,60,19
1992,61,27
1992,62,23
1992,63,18
1992,64,16
1992,65,10
1992,66,12
1992,67,7
1992,68,9
1992,69,6
1992,70,6
1992,71,5
1992,72,3
1992,73,1
1992,74,4
1992,75,1
1992,76,4
1992,78,1
1992,79,2
1992,81,1
1993,0,55
1993,1,9
1993,2,17
1993,3,39
1993,4,29
1993,5,31
1993,6,28
1993,7,17
1993,8,15
1993,9,42
1993,10,38
1993,11,66
1993,12,85
1993,13,90
1993,14,93
1993,15,103
1993,16,123
1993,17,120
1993,18,162
1993,19,144
1993,20,175
1993,21,137
1993,22,170
1993,23,194
1993,24,177
1993,25,183
1993,26,182
1993,27,194
1993,28,187
1993,29,183
1993,30,171
1993,31,207
1993,32,229
1993,33,207
1993,34,240
1993,35,204
1993,36,205
1993,37,189
1993,38,171
1993,39,181
1993,40,176
1993,41,160
1993,42,176
1993,43,149
1993,44,130
1993,45,137
1993,46,117
1993,47,107
1993,48,99
1993,49,72
1993,50,71
1993,51,66
1993,52,56
1993,53,41
1993,54,50
1993,55,38
1993,56,38
1993,57,21
1993,58,34
1993,59,24
1993,60,14
1993,61,30
1993,62,18
1993,63,19
1993,64,12
1993,65,15
1993,66,10
1993,67,13
1993,68,6
1993,69,10
1993,70,5
1993,71,5
1993,72,2
1993,73,3
1993,74,5
1993,75,6
1993,76,1
1993,77,2
1993,78,1
1993,83,1
1994,0,1
1994,1,2
1994,3,33
1994,4,41
1994,5,46
1994,6,38
1994,7,84
1994,8,97
1994,9,179
1994,10,161
1994,11,183
1994,12,158
1994,13,186
1994,14,212
1994,15,212
1994,16,252
1994,17,234
1994,18,249
1994,19,266
1994,20,255
1994,21,310
1994,22,323
1994,23,297
1994,24,285
1994,25,240
1994,26,278
1994,27,279
1994,28,255
1994,29,308
1994,30,301
1994,31,274
1994,32,295
1994,33,296
1994,34,297
1994,35,294
1994,36,338
1994,37,305
1994,38,243
1994,39,223
1994,40,229
1994,41,224
1994,42,189
1994,43,173
1994,44,155
1994,45,141
1994,46,143
1994,47,104
1994,48,110
1994,49,82
1994,50,92
1994,51,73
1994,52,78
1994,53,76
1994,54,55
1994,55,47
1994,56,48
1994,57,64
1994,58,40
1994,59,35
1994,60,20
1994,61,34
1994,62,32
1994,63,23
1994,64,18
1994,65,15
1994,66,13
1994,67,10
1994,68,15
1994,69,7
1994,70,11
1994,71,5
1994,72,3
1994,73,6
1994,74,3
1994,75,2
1994,76,5
1994,77,2
1994,79,2
1994,80,1
1994,81,1
1995,0,30
1995,1,5
1995,2,11
1995,3,54
1995,4,41
1995,5,38
1995,6,45
1995,7,86
1995,8,85
1995,9,191
1995,10,204
1995,11,203
1995,12,175
1995,13,158
1995,14,210
1995,15,207
1995,16,287
1995,17,307
1995,18,305
1995,19,284
1995,20,272
1995,21,279
1995,22,300
1995,23,372
1995,24,280
1995,25,311
1995,26,329
1995,27,266
1995,28,295
1995,29,264
1995,30,277
1995,31,281
1995,32,268
1995,33,372
1995,34,372
1995,35,337
1995,36,368
1995,37,333
1995,38,287
1995,39,254
1995,40,261
1995,41,218
1995,42,211
1995,43,213
1995,44,176
1995,45,162
1995,46,139
1995,47,132
1995,48,112
1995,49,103
1995,50,84
1995,51,96
1995,52,71
1995,53,66
1995,54,67
1995,55,44
1995,56,56
1995,57,44
1995,58,35
1995,59,35
1995,60,31
1995,61,25
1995,62,22
1995,63,24
1995,64,20
1995,65,21
1995,66,12
1995,67,15
1995,68,7
1995,69,6
1995,70,9
1995,71,8
1995,72,3
1995,73,7
1995,74,5
1995,75,1
1995,76,3
1995,77,2
1995,79,1
1995,83,1
1996,0,34
1996,2,2
1996,3,38
1996,4,57
1996,5,66
1996,6,73
1996,7,56
1996,8,132
1996,9,174
1996,10,212
1996,11,160
1996,12,192
1996,13,212
1996,14,254
1996,15,242
1996,16,302
1996,17,287
1996,18,302
1996,19,327
1996,20,330
1996,21,356
1996,22,314
1996,23,322
1996,24,339
1996,25,304
1996,26,294
1996,27,297
1996,28,336
1996,29,308
1996,30,276
1996,31,303
1996,32,298
1996,33,364
1996,34,316
1996,35,473
1996,36,334
1996,37,259
1996,38,234
1996,39,273
1996,40,273
1996,41,211
1996,42,238
1996,43,200
1996,44,183
1996,45,130
1996,46,146
1996,47,150
1996,48,124
1996,49,103
1996,50,97
1996,51,91
1996,52,98
1996,53,60
1996,54,80
1996,55,54
1996,56,46
1996,57,51
1996,58,31
1996,59,41
1996,60,29
1996,61,27
1996,62,24
1996,63,19
1996,64,18
1996,65,6
1996,66,16
1996,67,11
1996,68,10
1996,69,5
1996,70,9
1996,71,4
1996,72,3
1996,73,5
1996,74,5
1996,75,1
1996,76,1
1996,77,1
1996,78,3
1996,80,1
1996,81,1
1997,0,15
1997,1,2
1997,3,16
1997,4,48
1997,5,44
1997,6,62
1997,7,53
1997,8,56
1997,9,117
1997,10,174
1997,11,162
1997,12,180
1997,13,206
1997,14,222
1997,15,234
1997,16,203
1997,17,257
1997,18,260
1997,19,306
1997,20,298
1997,21,362
1997,22,352
1997,23,360
1997,24,352
1997,25,353
1997,26,353
1997,27,295
1997,28,312
1997,29,277
1997,30,301
1997,31,297
1997,32,401
1997,33,460
1997,34,365
1997,35,426
1997,36,368
1997,37,302
1997,38,282
1997,39,300
1997,40,264
1997,41,284
1997,42,243
1997,43,213
1997,44,200
1997,45,205
1997,46,163
1997,47,149
1997,48,150
1997,49,119
1997,50,94
1997,51,103
1997,52,83
1997,53,83
1997,54,75
1997,55,61
1997,56,65
1997,57,42
1997,58,35
1997,59,34
1997,60,28
1997,61,26
1997,62,31
1997,63,22
1997,64,27
1997,65,23
1997,66,11
1997,67,11
1997,68,17
1997,69,11
1997,70,3
1997,71,9
1997,72,1
1997,73,7
1997,74,5
1997,75,6
1997,76,3
1997,77,5
1997,78,2
1997,79,2
1997,80,1
1998,0,10
1998,1,4
1998,2,5
1998,3,7
1998,4,45
1998,5,66
1998,6,57
1998,7,58
1998,8,72
1998,9,101
1998,10,164
1998,11,181
1998,12,166
1998,13,203
1998,14,226
1998,15,226
1998,16,257
1998,17,225
1998,18,256
1998,19,311
1998,20,309
1998,21,313
1998,22,348
1998,23,386
1998,24,331
1998,25,326
1998,26,341
1998,27,345
1998,28,308
1998,29,294
1998,30,322
1998,31,372
1998,32,384
1998,33,352
1998,34,413
1998,35,380
1998,36,390
1998,37,328
1998,38,269
1998,39,273
1998,40,277
1998,41,277
1998,42,254
1998,43,232
1998,44,210
1998,45,206
1998,46,143
1998,47,145
1998,48,164
1998,49,138
1998,50,123
1998,51,104
1998,52,91
1998,53,81
1998,54,78
1998,55,62
1998,56,49
1998,57,52
1998,58,53
1998,59,60
1998,60,40
1998,61,27
1998,62,34
1998,63,22
1998,64,23
1998,65,18
1998,66,16
1998,67,16
1998,68,16
1998,69,10
1998,70,10
1998,71,9
1998,72,1
1998,73,6
1998,74,2
1998,75,5
1998,76,2
1998,77,1
1998,78,1
1998,79,3
1999,0,29
1999,3,10
1999,4,41
1999,5,60
1999,6,58
1999,7,51
1999,8,71
1999,9,92
1999,10,119
1999,11,152
1999,12,135
1999,13,167
1999,14,212
1999,15,186
1999,16,216
1999,17,218
1999,18,204
1999,19,269
1999,20,307
1999,21,277
1999,22,314
1999,23,421
1999,24,309
1999,25,348
1999,26,321
1999,27,312
1999,28,318
1999,29,306
1999,30,303
1999,31,328
1999,32,367
1999,33,391
1999,34,417
1999,35,413
1999,36,461
1999,37,326
1999,38,290
1999,39,302
1999,40,304
1999,41,267
1999,42,271
1999,43,300
1999,44,250
1999,45,239
1999,46,191
1999,47,161
1999,48,137
1999,49,159
1999,50,138
1999,51,109
1999,52,99
1999,53,87
1999,54,83
1999,55,68
1999,56,53
1999,57,51
1999,58,52
1999,59,39
1999,60,46
1999,61,37
1999,62,27
1999,63,31
1999,64,27
1999,65,24
1999,66,20
1999,67,17
1999,68,12
1999,69,12
1999,70,4
1999,71,9
1999,72,11
1999,73,5
1999,74,3
1999,75,3
1999,76,3
1999,77,3
1999,78,3
1999,79,1
1999,80,4
1999,81,2
1999,82,1
2000,0,14
2000,1,2
2000,2,2
2000,3,5
2000,4,2
2000,5,4
2000,6,13
2000,7,22
2000,8,23
2000,9,25
2000,10,31
2000,11,30
2000,12,25
2000,13,39
2000,14,53
2000,15,79
2000,16,92
2000,17,109
2000,18,109
2000,19,148
2000,20,128
2000,21,140
2000,22,142
2000,23,148
2000,24,143
2000,25,207
2000,26,187
2000,27,232
2000,28,194
2000,29,207
2000,30,166
2000,31,188
2000,32,205
2000,33,218
2000,34,226
2000,35,219
2000,36,258
2000,37,255
2000,38,206
2000,39,219
2000,40,206
2000,41,215
2000,42,240
2000,43,203
2000,44,191
2000,45,174
2000,46,141
2000,47,128
2000,48,137
2000,49,133
2000,50,128
2000,51,107
2000,52,107
2000,53,79
2000,54,76
2000,55,95
2000,56,53
2000,57,58
2000,58,49
2000,59,49
2000,60,38
2000,61,41
2000,62,28
2000,63,26
2000,64,24
2000,65,14
2000,66,10
2000,67,13
2000,68,13
2000,69,12
2000,70,9
2000,71,8
2000,72,8
2000,73,8
2000,74,1
2000,75,5
2000,76,4
2000,77,2
2000,78,1
2000,80,3
2000,81,1
2000,82,1
2000,84,2
2000,86,1
2001,0,9
2001,1,11
2001,2,12
2001,3,15
2001,4,8
2001,5,8
2001,6,5
2001,7,12
2001,8,13
2001,9,21
2001,10,24
2001,11,18
2001,12,24
2001,13,24
2001,14,28
2001,15,31
2001,16,53
2001,17,67
2001,18,74
2001,19,156
2001,20,140
2001,21,155
2001,22,159
2001,23,169
2001,24,154
2001,25,151
2001,26,169
2001,27,165
2001,28,166
2001,29,204
2001,30,168
2001,31,168
2001,32,175
2001,33,182
2001,34,198
2001,35,201
2001,36,197
2001,37,198
2001,38,215
2001,39,191
2001,40,223
2001,41,182
2001,42,193
2001,43,205
2001,44,179
2001,45,182
2001,46,164
2001,47,152
2001,48,153
2001,49,154
2001,50,125
2001,51,139
2001,52,133
2001,53,117
2001,54,92
2001,55,76
2001,56,86
2001,57,66
2001,58,65
2001,59,63
2001,60,46
2001,61,48
2001,62,43
2001,63,30
2001,64,34
2001,65,21
2001,66,28
2001,67,31
2001,68,16
2001,69,15
2001,70,9
2001,71,8
2001,72,8
2001,73,8
2001,74,7
2001,75,6
2001,76,4
2001,77,2
2001,78,1
2001,79,2
2001,80,2
2001,81,2
2001,82,1
2002,0,21
2002,1,17
2002,2,6
2002,3,29
2002,4,43
2002,5,46
2002,6,37
2002,7,30
2002,8,28
2002,9,22
2002,10,38
2002,11,33
2002,12,23
2002,13,34
2002,14,42
2002,15,58
2002,16,93
2002,17,88
2002,18,99
2002,19,116
2002,20,164
2002,21,156
2002,22,214
2002,23,207
2002,24,226
2002,25,211
2002,26,199
2002,27,181
2002,28,224
2002,29,225
2002,30,205
2002,31,231
2002,32,289
2002,33,262
2002,34,283
2002,35,289
2002,36,309
2002,37,288
2002,38,303
2002,39,248
2002,40,243
2002,41,259
2002,42,234
2002,43,209
2002,44,186
2002,45,184
2002,46,170
2002,47,192
2002,48,175
2002,49,158
2002,50,152
2002,51,157
2002,52,106
2002,53,89
2002,54,90
2002,55,67
2002,56,78
2002,57,66
2002,58,55
2002,59,53
2002,60,44
2002,61,48
2002,62,38
2002,63,28
2002,64,34
2002,65,27
2002,66,16
2002,67,16
2002,68,11
2002,69,15
2002,70,11
2002,71,7
2002,72,9
2002,73,4
2002,74,7
2002,75,7
2002,76,4
2002,77,2
2002,78,3
2002,79,2
2002,80,2
2002,81,1
2002,84,1
2002,85,2
2003,0,94
2003,1,20
2003,2,19
2003,3,25
2003,4,12
2003,5,1
2003,6,2
2003,7,7
2003,8,28
2003,9,27
2003,10,31
2003,11,35
2003,12,24
2003,13,33
2003,14,41
2003,15,59
2003,16,64
2003,17,90
2003,18,103
2003,19,147
2003,20,126
2003,21,145
2003,22,132
2003,23,158
2003,24,129
2003,25,161
2003,26,212
2003,27,208
2003,28,235
2003,29,222
2003,30,213
2003,31,229
2003,32,227
2003,33,218
2003,34,250
2003,35,218
2003,36,224
2003,37,263
2003,38,232
2003,39,236
2003,40,205
2003,41,217
2003,42,222
2003,43,247
2003,44,210
2003,45,170
2003,46,175
2003,47,176
2003,48,166
2003,49,140
2003,50,148
2003,51,159
2003,52,122
2003,53,102
2003,54,105
2003,55,101
2003,56,93
2003,57,73
2003,58,65
2003,59,77
2003,60,52
2003,61,43
2003,62,32
2003,63,48
2003,64,19
2003,65,19
2003,66,22
2003,67,18
2003,68,13
2003,69,14
2003,70,9
2003,71,8
2003,72,11
2003,73,5
2003,74,2
2003,75,7
2003,76,3
2003,77,2
2003,78,2
2003,79,1
2003,80,2
2003,81,2
2003,83,2
2003,84,1
2004,0,34
2004,1,36
2004,2,39
2004,3,46
2004,4,48
2004,5,70
2004,6,37
2004,7,31
2004,8,23
2004,9,25
2004,10,42
2004,11,42
2004,12,30
2004,13,34
2004,14,42
2004,15,39
2004,16,62
2004,17,95
2004,18,97
2004,19,121
2004,20,118
2004,21,152
2004,22,218
2004,23,251
2004,24,232
2004,25,239
2004,26,247
2004,27,217
2004,28,212
2004,29,215
2004,30,225
2004,31,227
2004,32,232
2004,33,243
2004,34,261
2004,35,280
2004,36,241
2004,37,246
2004,38,278
2004,39,243
2004,40,295
2004,41,281
2004,42,236
2004,43,250
2004,44,205
2004,45,212
2004,46,195
2004,47,184
2004,48,150
2004,49,157
2004,50,161
2004,51,142
2004,52,153
2004,53,118
2004,54,101
2004,55,106
2004,56,91
2004,57,93
2004,58,78
2004,59,80
2004,60,57
2004,61,36
2004,62,53
2004,63,40
2004,64,25
2004,65,34
2004,66,25
2004,67,17
2004,68,24
2004,69,10
2004,70,13
2004,71,9
2004,72,12
2004,73,6
2004,74,10
2004,75,4
2004,76,3
2004,77,5
2004,78,5
2004,79,1
2004,80,2
2004,82,1
2004,83,1
2005,0,100
2005,1,24
2005,2,31
2005,3,39
2005,4,29
2005,5,44
2005,6,72
2005,7,52
2005,8,44
2005,9,33
2005,10,34
2005,11,31
2005,12,32
2005,13,29
2005,14,31
2005,15,31
2005,16,40
2005,17,55
2005,18,91
2005,19,109
2005,20,110
2005,21,88
2005,22,159
2005,23,191
2005,24,165
2005,25,181
2005,26,155
2005,27,200
2005,28,189
2005,29,207
2005,30,229
2005,31,223
2005,32,225
2005,33,239
2005,34,246
2005,35,250
2005,36,236
2005,37,252
2005,38,218
2005,39,262
2005,40,255
2005,41,255
2005,42,250
2005,43,219
2005,44,244
2005,45,200
2005,46,213
2005,47,194
2005,48,174
2005,49,157
2005,50,173
2005,51,171
2005,52,145
2005,53,153
2005,54,132
2005,55,114
2005,56,114
2005,57,93
2005,58,90
2005,59,87
2005,60,61
2005,61,60
2005,62,46
2005,63,51
2005,64,29
2005,65,33
2005,66,26
2005,67,27
2005,68,18
2005,69,15
2005,70,15
2005,71,9
2005,72,13
2005,73,8
2005,74,5
2005,75,7
2005,76,7
2005,77,7
2005,79,2
2005,80,3
2005,82,1
2005,83,3
2005,84,1
2005,87,1
2006,0,116
2006,1,44
2006,2,30
2006,3,23
2006,4,18
2006,5,16
2006,6,20
2006,7,39
2006,8,20
2006,9,14
2006,10,45
2006,11,42
2006,12,49
2006,13,33
2006,14,34
2006,15,41
2006,16,37
2006,17,31
2006,18,56
2006,19,92
2006,20,103
2006,21,134
2006,22,116
2006,23,179
2006,24,146
2006,25,119
2006,26,155
2006,27,152
2006,28,203
2006,29,177
2006,30,187
2006,31,215
2006,32,262
2006,33,258
2006,34,258
2006,35,271
2006,36,260
2006,37,244
2006,38,258
2006,39,269
2006,40,269
2006,41,252
2006,42,271
2006,43,215
2006,44,218
2006,45,204
2006,46,202
2006,47,204
2006,48,182
2006,49,182
2006,50,153
2006,51,162
2006,52,157
2006,53,154
2006,54,145
2006,55,124
2006,56,113
2006,57,91
2006,58,108
2006,59,86
2006,60,61
2006,61,53
2006,62,50
2006,63,53
2006,64,40
2006,65,38
2006,66,35
2006,67,29
2006,68,22
2006,69,16
2006,70,20
2006,71,17
2006,72,17
2006,73,10
2006,74,5
2006,75,8
2006,76,5
2006,77,4
2006,78,3
2006,79,3
2006,80,2
2006,81,1
2006,82,1
2007,0,123
2007,1,47
2007,2,21
2007,3,17
2007,4,7
2007,5,5
2007,6,13
2007,7,19
2007,8,23
2007,9,32
2007,10,24
2007,11,26
2007,12,23
2007,13,26
2007,14,35
2007,15,32
2007,16,66
2007,17,52
2007,18,65
2007,19,111
2007,20,106
2007,21,113
2007,22,125
2007,23,149
2007,24,150
2007,25,153
2007,26,173
2007,27,138
2007,28,145
2007,29,168
2007,30,193
2007,31,181
2007,32,229
2007,33,245
2007,34,232
2007,35,257
2007,36,307
2007,37,260
2007,38,237
2007,39,274
2007,40,279
2007,41,266
2007,42,278
2007,43,260
2007,44,242
2007,45,249
2007,46,249
2007,47,206
2007,48,192
2007,49,179
2007,50,170
2007,51,167
2007,52,169
2007,53,149
2007,54,124
2007,55,127
2007,56,112
2007,57,105
2007,58,80
2007,59,100
2007,60,58
2007,61,64
2007,62,49
2007,63,47
2007,64,40
2007,65,23
2007,66,45
2007,67,19
2007,68,21
2007,69,18
2007,70,17
2007,71,6
2007,72,9
2007,73,10
2007,74,10
2007,75,5
2007,76,2
2007,77,5
2007,78,7
2007,79,2
2007,80,4
2007,81,2
2007,82,1
2007,83,1
2008,0,165
2008,1,67
2008,2,63
2008,3,78
2008,4,67
2008,5,53
2008,6,47
2008,7,70
2008,8,52
2008,9,47
2008,10,52
2008,11,71
2008,12,41
2008,13,53
2008,14,53
2008,15,63
2008,16,58
2008,17,60
2008,18,70
2008,19,113
2008,20,98
2008,21,117
2008,22,131
2008,23,150
2008,24,184
2008,25,161
2008,26,136
2008,27,172
2008,28,175
2008,29,179
2008,30,209
2008,31,228
2008,32,228
2008,33,276
2008,34,270
2008,35,327
2008,36,301
2008,37,292
2008,38,251
2008,39,270
2008,40,327
2008,41,282
2008,42,276
2008,43,275
2008,44,244
2008,45,223
2008,46,225
2008,47,198
2008,48,203
2008,49,181
2008,50,167
2008,51,160
2008,52,162
2008,53,163
2008,54,147
2008,55,127
2008,56,112
2008,57,115
2008,58,80
2008,59,64
2008,60,64
2008,61,65
2008,62,55
2008,63,47
2008,64,34
2008,65,30
2008,66,25
2008,67,24
2008,68,24
2008,69,19
2008,70,16
2008,71,16
2008,72,13
2008,73,6
2008,74,10
2008,75,7
2008,76,2
2008,77,5
2008,78,9
2008,79,3
2008,80,3
2008,81,2
2008,82,2
2008,83,2
2008,84,1
2008,86,1
2009,0,225
2009,1,66
2009,2,33
2009,3,26
2009,4,27
2009,5,29
2009,6,15
2009,7,16
2009,8,21
2009,9,19
2009,10,41
2009,11,46
2009,12,22
2009,13,25
2009,14,22
2009,15,30
2009,16,30
2009,17,31
2009,18,55
2009,19,81
2009,20,82
2009,21,126
2009,22,143
2009,23,131
2009,24,139
2009,25,162
2009,26,172
2009,27,189
2009,28,186
2009,29,211
2009,30,216
2009,31,229
2009,32,253
2009,33,284
2009,34,303
2009,35,297
2009,36,315
2009,37,287
2009,38,318
2009,39,286
2009,40,326
2009,41,292
2009,42,290
2009,43,261
2009,44,242
2009,45,230
2009,46,233
2009,47,220
2009,48,233
2009,49,200
2009,50,194
2009,51,176
2009,52,158
2009,53,143
2009,54,165
2009,55,136
2009,56,113
2009,57,109
2009,58,108
2009,59,74
2009,60,62
2009,61,67
2009,62,59
2009,63,48
2009,64,44
2009,65,35
2009,66,32
2009,67,27
2009,68,28
2009,69,13
2009,70,20
2009,71,16
2009,72,8
2009,73,7
2009,74,9
2009,75,9
2009,76,6
2009,77,4
2009,78,2
2009,80,2
2009,81,1
2009,82,1
2009,83,1
2010,0,569
2010,1,70
2010,2,45
2010,3,22
2010,4,28
2010,5,24
2010,6,17
2010,7,17
2010,8,12
2010,9,8
2010,10,5
2010,11,2
2010,12,23
2010,13,26
2010,14,28
2010,15,51
2010,16,53
2010,17,44
2010,18,72
2010,19,82
2010,20,83
2010,21,93
2010,22,113
2010,23,165
2010,24,134
2010,25,129
2010,26,156
2010,27,135
2010,28,133
2010,29,162
2010,30,171
2010,31,181
2010,32,243
2010,33,230
2010,34,253
2010,35,284
2010,36,242
2010,37,259
2010,38,279
2010,39,268
2010,40,276
2010,41,311
2010,42,279
2010,43,268
2010,44,282
2010,45,236
2010,46,258
2010,47,234
2010,48,225
2010,49,227
2010,50,175
2010,51,165
2010,52,149
2010,53,157
2010,54,163
2010,55,171
2010,56,152
2010,57,119
2010,58,117
2010,59,113
2010,60,71
2010,61,88
2010,62,59
2010,63,48
2010,64,61
2010,65,54
2010,66,33
2010,67,22
2010,68,24
2010,69,19
2010,70,25
2010,71,16
2010,72,19
2010,73,8
2010,74,13
2010,75,6
2010,76,12
2010,77,5
2010,78,6
2010,79,5
2010,80,8
2010,82,2
2010,83,4
2010,84,1
2011,0,568
2011,1,125
2011,2,86
2011,3,49
2011,4,23
2011,5,23
2011,6,33
2011,7,29
2011,8,18
2011,9,5
2011,10,6
2011,11,9
2011,12,23
2011,13,31
2011,14,29
2011,15,39
2011,16,28
2011,17,38
2011,18,40
2011,19,40
2011,20,56
2011,21,81
2011,22,106
2011,23,149
2011,24,140
2011,25,117
2011,26,124
2011,27,156
2011,28,152
2011,29,149
2011,30,149
2011,31,210
2011,32,238
2011,33,280
2011,34,279
2011,35,299
2011,36,276
2011,37,297
2011,38,283
2011,39,277
2011,40,275
2011,41,291
2011,42,290
2011,43,264
2011,44,277
2011,45,257
2011,46,227
2011,47,211
2011,48,242
2011,49,201
2011,50,191
2011,51,173
2011,52,158
2011,53,177
2011,54,160
2011,55,138
2011,56,149
2011,57,112
2011,58,116
2011,59,108
2011,60,86
2011,61,72
2011,62,58
2011,63,52
2011,64,42
2011,65,53
2011,66,42
2011,67,34
2011,68,29
2011,69,25
2011,70,11
2011,71,17
2011,72,16
2011,73,18
2011,74,12
2011,75,10
2011,76,12
2011,77,7
2011,78,2
2011,79,4
2011,80,1
2011,81,4
2011,82,2
2011,83,1
2011,84,1
2011,85,1
2012,0,573
2012,1,241
2012,2,118
2012,3,78
2012,4,68
2012,5,70
2012,6,66
2012,7,37
2012,8,41
2012,9,36
2012,10,31
2012,11,28
2012,12,13
2012,13,11
2012,14,31
2012,15,36
2012,16,41
2012,17,33
2012,18,31
2012,19,23
2012,20,38
2012,21,47
2012,22,94
2012,23,95
2012,24,99
2012,25,113
2012,26,107
2012,27,91
2012,28,121
2012,29,118
2012,30,139
2012,31,165
2012,32,156
2012,33,203
2012,34,238
2012,35,232
2012,36,265
2012,37,304
2012,38,290
2012,39,319
2012,40,302
2012,41,250
2012,42,248
2012,43,226
2012,44,273
2012,45,292
2012,46,274
2012,47,219
2012,48,206
2012,49,209
2012,50,190
2012,51,211
2012,52,199
2012,53,164
2012,54,155
2012,55,167
2012,56,148
2012,57,141
2012,58,116
2012,59,118
2012,60,111
2012,61,106
2012,62,84
2012,63,70
2012,64,64
2012,65,53
2012,66,43
2012,67,42
2012,68,31
2012,69,31
2012,70,29
2012,71,22
2012,72,19
2012,73,15
2012,74,10
2012,75,13
2012,76,14
2012,77,9
2012,78,6
2012,79,7
2012,80,4
2012,81,2
2012,82,5
2012,83,2
2012,84,1
2012,85,3
2013,0,705
2013,1,234
2013,2,234
2013,3,162
2013,4,79
2013,5,72
2013,6,54
2013,7,48
2013,8,61
2013,9,45
2013,10,35
2013,11,20
2013,12,28
2013,13,25
2013,14,29
2013,15,42
2013,16,34
2013,17,41
2013,18,36
2013,19,42
2013,20,30
2013,21,39
2013,22,58
2013,23,88
2013,24,112
2013,25,88
2013,26,117
2013,27,139
2013,28,121
2013,29,144
2013,30,170
2013,31,178
2013,32,177
2013,33,177
2013,34,211
2013,35,246
2013,36,281
2013,37,294
2013,38,315
2013,39,319
2013,40,313
2013,41,278
2013,42,256
2013,43,271
2013,44,303
2013,45,334
2013,46,228
2013,47,272
2013,48,266
2013,49,234
2013,50,230
2013,51,205
2013,52,176
2013,53,182
2013,54,161
2013,55,137
2013,56,153
2013,57,155
2013,58,141
2013,59,114
2013,60,107
2013,61,106
2013,62,90
2013,63,62
2013,64,58
2013,65,63
2013,66,54
2013,67,51
2013,68,33
2013,69,30
2013,70,24
2013,71,26
2013,72,15
2013,73,24
2013,74,12
2013,75,10
2013,76,12
2013,77,6
2013,78,5
2013,79,12
2013,80,4
2013,81,2
2013,82,3
2013,83,1
2013,84,3
2013,85,1
2013,86,1
2013,87,2
2013,90,1
2014,0,536
2014,1,277
2014,2,271
2014,3,194
2014,4,109
2014,5,87
2014,6,51
2014,7,56
2014,8,52
2014,9,70
2014,10,25
2014,11,20
2014,12,15
2014,13,19
2014,14,32
2014,15,25
2014,16,37
2014,17,53
2014,18,42
2014,19,48
2014,20,56
2014,21,51
2014,22,60
2014,23,92
2014,24,102
2014,25,108
2014,26,155
2014,27,163
2014,28,190
2014,29,163
2014,30,174
2014,31,169
2014,32,172
2014,33,175
2014,34,200
2014,35,201
2014,36,231
2014,37,261
2014,38,303
2014,39,355
2014,40,386
2014,41,376
2014,42,315
2014,43,301
2014,44,275
2014,45,287
2014,46,288
2014,47,320
2014,48,250
2014,49,270
2014,50,254
2014,51,236
2014,52,187
2014,53,185
2014,54,163
2014,55,185
2014,56,157
2014,57,135
2014,58,145
2014,59,150
2014,60,130
2014,61,126
2014,62,122
2014,63,106
2014,64,58
2014,65,66
2014,66,62
2014,67,51
2014,68,46
2014,69,45
2014,70,35
2014,71,25
2014,72,25
2014,73,18
2014,74,9
2014,75,7
2014,76,7
2014,77,7
2014,78,2
2014,79,13
2014,80,5
2014,81,9
2014,82,5
2014,83,3
2014,84,2
2014,85,2
2014,86,1
2015,0,596
2015,1,269
2015,2,209
2015,3,234
2015,4,150
2015,5,127
2015,6,83
2015,7,58
2015,8,56
2015,9,50
2015,10,42
2015,11,34
2015,12,26
2015,13,26
2015,14,12
2015,15,14
2015,16,13
2015,17,17
2015,18,40
2015,19,36
2015,20,41
2015,21,39
2015,22,26
2015,23,52
2015,24,64
2015,25,71
2015,26,69
2015,27,91
2015,28,116
2015,29,128
2015,30,131
2015,31,124
2015,32,162
2015,33,169
2015,34,149
2015,35,180
2015,36,174
2015,37,186
2015,38,193
2015,39,286
2015,40,331
2015,41,328
2015,42,299
2015,43,324
2015,44,314
2015,45,286
2015,46,245
2015,47,264
2015,48,273
2015,49,267
2015,50,190
2015,51,242
2015,52,226
2015,53,221
2015,54,183
2015,55,183
2015,56,174
2015,57,148
2015,58,135
2015,59,158
2015,60,147
2015,61,142
2015,62,133
2015,63,117
2015,64,97
2015,65,102
2015,66,88
2015,67,69
2015,68,58
2015,69,51
2015,70,45
2015,71,29
2015,72,27
2015,73,23
2015,74,21
2015,75,23
2015,76,26
2015,77,21
2015,78,8
2015,79,6
2015,80,6
2015,81,4
2015,82,5
2015,83,2
2015,84,2
2015,86,3
2015,87,2
2016,0,478
2016,1,217
2016,2,255
2016,3,163
2016,4,131
2016,5,123
2016,6,87
2016,7,92
2016,8,71
2016,9,66
2016,10,55
2016,11,57
2016,12,42
2016,13,38
2016,14,31
2016,15,31
2016,16,23
2016,17,18
2016,18,36
2016,19,53
2016,20,36
2016,21,34
2016,22,44
2016,23,54
2016,24,50
2016,25,57
2016,26,90
2016,27,98
2016,28,95
2016,29,123
2016,30,113
2016,31,112
2016,32,133
2016,33,153
2016,34,175
2016,35,170
2016,36,161
2016,37,191
2016,38,200
2016,39,216
2016,40,256
2016,41,283
2016,42,294
2016,43,343
2016,44,330
2016,45,340
2016,46,268
2016,47,272
2016,48,282
2016,49,303
2016,50,316
2016,51,272
2016,52,286
2016,53,285
2016,54,238
2016,55,213
2016,56,177
2016,57,189
2016,58,165
2016,59,164
2016,60,149
2016,61,151
2016,62,168
2016,63,142
2016,64,120
2016,65,98
2016,66,103
2016,67,70
2016,68,84
2016,69,70
2016,70,41
2016,71,40
2016,72,31
2016,73,33
2016,74,29
2016,75,23
2016,76,11
2016,77,12
2016,78,15
2016,79,10
2016,80,10
2016,81,8
2016,82,1
2016,83,5
2016,84,5
2016,86,3
2016,87,2
2016,88,1
2017,0,546
2017,1,270
2017,2,141
2017,3,102
2017,4,59
2017,5,57
2017,6,58
2017,7,56
2017,8,44
2017,9,30
2017,10,31
2017,11,29
2017,12,40
2017,13,56
2017,14,26
2017,15,23
2017,16,32
2017,17,28
2017,18,25
2017,19,15
2017,20,29
2017,21,18
2017,22,24
2017,23,32
2017,24,49
2017,25,38
2017,26,62
2017,27,47
2017,28,49
2017,29,44
2017,30,79
2017,31,99
2017,32,80
2017,33,108
2017,34,118
2017,35,142
2017,36,128
2017,37,157
2017,38,182
2017,39,145
2017,40,163
2017,41,187
2017,42,176
2017,43,264
2017,44,290
2017,45,296
2017,46,248
2017,47,283
2017,48,256
2017,49,248
2017,50,272
2017,51,230
2017,52,296
2017,53,285
2017,54,245
2017,55,237
2017,56,258
2017,57,217
2017,58,197
2017,59,188
2017,60,170
2017,61,127
2017,62,129
2017,63,136
2017,64,131
2017,65,130
2017,66,135
2017,67,110
2017,68,94
2017,69,88
2017,70,80
2017,71,61
2017,72,56
2017,73,52
2017,74,38
2017,75,45
2017,76,37
2017,77,38
2017,78,23
2017,79,21
2017,80,12
2017,81,13
2017,82,9
2017,83,9
2017,84,4
2017,85,2
2017,86,1
2017,87,3
2017,88,1
2018,0,798
2018,1,249
2018,2,227
2018,3,149
2018,4,97
2018,5,103
2018,6,70
2018,7,50
2018,8,32
2018,9,40
2018,10,23
2018,11,20
2018,12,17
2018,13,14
2018,14,13
2018,15,24
2018,16,23
2018,17,35
2018,18,25
2018,19,23
2018,20,28
2018,21,24
2018,22,21
2018,23,33
2018,24,28
2018,25,43
2018,26,61
2018,27,53
2018,28,58
2018,29,61
2018,30,61
2018,31,79
2018,32,119
2018,33,114
2018,34,97
2018,35,120
2018,36,151
2018,37,184
2018,38,153
2018,39,176
2018,40,169
2018,41,130
2018,42,184
2018,43,220
2018,44,223
2018,45,262
2018,46,237
2018,47,301
2018,48,289
2018,49,315
2018,50,307
2018,51,319
2018,52,277
2018,53,283
2018,54,323
2018,55,295
2018,56,263
2018,57,231
2018,58,274
2018,59,217
2018,60,192
2018,61,176
2018,62,139
2018,63,147
2018,64,140
2018,65,140
2018,66,135
2018,67,118
2018,68,119
2018,69,117
2018,70,106
2018,71,112
2018,72,97
2018,73,70
2018,74,61
2018,75,50
2018,76,29
2018,77,36
2018,78,33
2018,79,28
2018,80,14
2018,81,15
2018,82,14
2018,83,11
2018,84,6
2018,85,7
2018,86,4
2018,87,3
2018,88,1
2018,89,1
2019,0,554
2019,1,255
2019,2,159
2019,3,127
2019,4,88
2019,5,108
2019,6,84
2019,7,72
2019,8,70
2019,9,41
2019,10,45
2019,11,42
2019,12,30
2019,13,20
2019,14,31
2019,15,28
2019,16,36
2019,17,22
2019,18,21
2019,19,25
2019,20,31
2019,21,23
2019,22,35
2019,23,26
2019,24,19
2019,25,22
2019,26,30
2019,27,72
2019,28,65
2019,29,79
2019,30,69
2019,31,54
2019,32,66
2019,33,112
2019,34,128
2019,35,120
2019,36,137
2019,37,146
2019,38,141
2019,39,160
2019,40,184
2019,41,212
2019,42,187
2019,43,192
2019,44,186
2019,45,214
2019,46,238
2019,47,272
2019,48,322
2019,49,346
2019,50,388
2019,51,394
2019,52,315
2019,53,347
2019,54,318
2019,55,321
2019,56,324
2019,57,329
2019,58,302
2019,59,321
2019,60,298
2019,61,268
2019,62,241
2019,63,197
2019,64,185
2019,65,176
2019,66,169
2019,67,140
2019,68,126
2019,69,131
2019,70,151
2019,71,110
2019,72,94
2019,73,77
2019,74,84
2019,75,67
2019,76,50
2019,77,42
2019,78,35
2019,79,40
2019,80,33
2019,81,17
2019,82,11
2019,83,14
2019,84,12
2019,85,8
2019,86,7
2019,87,6
2019,88,8
2019,89,2
2019,90,1
2019,92,1
2019,94,1
2020,0,947
2020,1,252
2020,2,195
2020,3,157
2020,4,124
2020,5,111
2020,6,101
2020,7,136
2020,8,126
2020,9,122
2020,10,87
2020,11,85
2020,12,80
2020,13,65
2020,14,75
2020,15,58
2020,16,46
2020,17,38
2020,18,25
2020,19,28
2020,20,13
2020,21,29
2020,22,23
2020,23,32
2020,24,34
2020,25,48
2020,26,27
2020,27,24
2020,28,30
2020,29,42
2020,30,48
2020,31,55
2020,32,65
2020,33,71
2020,34,70
2020,35,91
2020,36,116
2020,37,137
2020,38,156
2020,39,194
2020,40,188
2020,41,187
2020,42,277
2020,43,233
2020,44,237
2020,45,273
2020,46,233
2020,47,217
2020,48,200
2020,49,226
2020,50,308
2020,51,333
2020,52,376
2020,53,343
2020,54,375
2020,55,365
2020,56,354
2020,57,334
2020,58,348
2020,59,316
2020,60,314
2020,61,254
2020,62,322
2020,63,313
2020,64,293
2020,65,269
2020,66,196
2020,67,210
2020,68,192
2020,69,195
2020,70,157
2020,71,187
2020,72,166
2020,73,146
2020,74,144
2020,75,104
2020,76,117
2020,77,78
2020,78,71
2020,79,47
2020,80,50
2020,81,37
2020,82,40
2020,83,32
2020,84,23
2020,85,18
2020,86,19
2020,87,16
2020,88,6
2020,89,10
2020,90,5
2020,91,7
2020,92,4
2020,93,2
2020,94,3
2020,95,1
2020,96,1
2020,97,2
2021,0,1139
2021,1,236
2021,2,178
2021,3,113
2021,4,144
2021,5,99
2021,6,70
2021,7,59
2021,8,56
2021,9,54
2021,10,43
2021,11,31
2021,12,47
2021,13,36
2021,14,29
2021,15,40
2021,16,48
2021,17,28
2021,18,27
2021,19,39
2021,20,28
2021,21,31
2021,22,18
2021,23,21
2021,24,29
2021,25,23
2021,26,23
2021,27,17
2021,28,17
2021,29,12
2021,30,21
2021,31,12
2021,32,7
2021,33,22
2021,34,12
2021,35,22
2021,36,33
2021,37,41
2021,38,49
2021,39,62
2021,40,41
2021,41,69
2021,42,74
2021,43,69
2021,44,71
2021,45,89
2021,46,75
2021,47,80
2021,48,73
2021,49,78
2021,50,82
2021,51,79
2021,52,63
2021,53,57
2021,54,66
2021,55,60
2021,56,81
2021,57,104
2021,58,88
2021,59,111
2021,60,115
2021,61,125
2021,62,121
2021,63,111
2021,64,112
2021,65,92
2021,66,91
2021,67,97
2021,68,78
2021,69,89
2021,70,76
2021,71,79
2021,72,68
2021,73,63
2021,74,70
2021,75,64
2021,76,52
2021,77,42
2021,78,37
2021,79,28
2021,80,23
2021,81,22
2021,82,21
2021,83,8
2021,84,20
2021,85,13
2021,86,10
2021,87,3
2021,88,2
2021,89,3
2021,90,5
2021,91,4
2021,92,5
2021,94,2
2021,96,1
2021,98,1
2021,99,1
2021,100,1
